CustomerKey,CustomerName,CustomerEmail,City,Region,Country
1,Customer 1,customer1@example.com,City 2,Region 3,UK
2,Customer 2,customer2@example.com,City 3,Region 4,Australia
3,Customer 3,customer3@example.com,City 4,Region 5,USA
4,Customer 4,customer4@example.com,City 5,Region 6,Canada
5,Customer 5,customer5@example.com,City 6,Region 7,UK
6,Customer 6,customer6@example.com,City 7,Region 8,Australia
7,Customer 7,customer7@example.com,City 8,Region 9,USA
8,Customer 8,customer8@example.com,City 9,Region 10,Canada
9,Customer 9,customer9@example.com,City 10,Region 11,UK
10,Customer 10,customer10@example.com,City 11,Region 12,Australia
11,Customer 11,customer11@example.com,City 12,Region 13,USA
12,Customer 12,customer12@example.com,City 13,Region 14,Canada
13,Customer 13,customer13@example.com,City 14,Region 15,UK
14,Customer 14,customer14@example.com,City 15,Region 16,Australia
15,Customer 15,customer15@example.com,City 16,Region 17,USA
16,Customer 16,customer16@example.com,City 17,Region 18,Canada
17,Customer 17,customer17@example.com,City 18,Region 19,UK
18,Customer 18,customer18@example.com,City 19,Region 20,Australia
19,Customer 19,customer19@example.com,City 20,Region 21,USA
20,Customer 20,customer20@example.com,City 21,Region 22,Canada
21,Customer 21,customer21@example.com,City 22,Region 23,UK
22,Customer 22,customer22@example.com,City 23,Region 24,Australia
23,Customer 23,customer23@example.com,City 24,Region 25,USA
24,Customer 24,customer24@example.com,City 25,Region 26,Canada
25,Customer 25,customer25@example.com,City 26,Region 27,UK
26,Customer 26,customer26@example.com,City 27,Region 28,Australia
27,Customer 27,customer27@example.com,City 28,Region 29,USA
28,Customer 28,customer28@example.com,City 29,Region 30,Canada
29,Customer 29,customer29@example.com,City 30,Region 31,UK
30,Customer 30,customer30@example.com,City 31,Region 32,Australia
31,Customer 31,customer31@example.com,City 32,Region 33,USA
32,Customer 32,customer32@example.com,City 33,Region 34,Canada
33,Customer 33,customer33@example.com,City 34,Region 35,UK
34,Customer 34,customer34@example.com,City 35,Region 36,Australia
35,Customer 35,customer35@example.com,City 36,Region 37,USA
36,Customer 36,customer36@example.com,City 37,Region 38,Canada
37,Customer 37,customer37@example.com,City 38,Region 39,UK
38,Customer 38,customer38@example.com,City 39,Region 40,Australia
39,Customer 39,customer39@example.com,City 40,Region 41,USA
40,Customer 40,customer40@example.com,City 41,Region 42,Canada
41,Customer 41,customer41@example.com,City 42,Region 43,UK
42,Customer 42,customer42@example.com,City 43,Region 44,Australia
43,Customer 43,customer43@example.com,City 44,Region 45,USA
44,Customer 44,customer44@example.com,City 45,Region 46,Canada
45,Customer 45,customer45@example.com,City 46,Region 47,UK
46,Customer 46,customer46@example.com,City 47,Region 48,Australia
47,Customer 47,customer47@example.com,City 48,Region 49,USA
48,Customer 48,customer48@example.com,City 49,Region 50,Canada
49,Customer 49,customer49@example.com,City 50,Region 1,UK
50,Customer 50,customer50@example.com,City 51,Region 2,Australia
51,Customer 51,customer51@example.com,City 52,Region 3,USA
52,Customer 52,customer52@example.com,City 53,Region 4,Canada
53,Customer 53,customer53@example.com,City 54,Region 5,UK
54,Customer 54,customer54@example.com,City 55,Region 6,Australia
55,Customer 55,customer55@example.com,City 56,Region 7,USA
56,Customer 56,customer56@example.com,City 57,Region 8,Canada
57,Customer 57,customer57@example.com,City 58,Region 9,UK
58,Customer 58,customer58@example.com,City 59,Region 10,Australia
59,Customer 59,customer59@example.com,City 60,Region 11,USA
60,Customer 60,customer60@example.com,City 61,Region 12,Canada
61,Customer 61,customer61@example.com,City 62,Region 13,UK
62,Customer 62,customer62@example.com,City 63,Region 14,Australia
63,Customer 63,customer63@example.com,City 64,Region 15,USA
64,Customer 64,customer64@example.com,City 65,Region 16,Canada
65,Customer 65,customer65@example.com,City 66,Region 17,UK
66,Customer 66,customer66@example.com,City 67,Region 18,Australia
67,Customer 67,customer67@example.com,City 68,Region 19,USA
68,Customer 68,customer68@example.com,City 69,Region 20,Canada
69,Customer 69,customer69@example.com,City 70,Region 21,UK
70,Customer 70,customer70@example.com,City 71,Region 22,Australia
71,Customer 71,customer71@example.com,City 72,Region 23,USA
72,Customer 72,customer72@example.com,City 73,Region 24,Canada
73,Customer 73,customer73@example.com,City 74,Region 25,UK
74,Customer 74,customer74@example.com,City 75,Region 26,Australia
75,Customer 75,customer75@example.com,City 76,Region 27,USA
76,Customer 76,customer76@example.com,City 77,Region 28,Canada
77,Customer 77,customer77@example.com,City 78,Region 29,UK
78,Customer 78,customer78@example.com,City 79,Region 30,Australia
79,Customer 79,customer79@example.com,City 80,Region 31,USA
80,Customer 80,customer80@example.com,City 81,Region 32,Canada
81,Customer 81,customer81@example.com,City 82,Region 33,UK
82,Customer 82,customer82@example.com,City 83,Region 34,Australia
83,Customer 83,customer83@example.com,City 84,Region 35,USA
84,Customer 84,customer84@example.com,City 85,Region 36,Canada
85,Customer 85,customer85@example.com,City 86,Region 37,UK
86,Customer 86,customer86@example.com,City 87,Region 38,Australia
87,Customer 87,customer87@example.com,City 88,Region 39,USA
88,Customer 88,customer88@example.com,City 89,Region 40,Canada
89,Customer 89,customer89@example.com,City 90,Region 41,UK
90,Customer 90,customer90@example.com,City 91,Region 42,Australia
91,Customer 91,customer91@example.com,City 92,Region 43,USA
92,Customer 92,customer92@example.com,City 93,Region 44,Canada
93,Customer 93,customer93@example.com,City 94,Region 45,UK
94,Customer 94,customer94@example.com,City 95,Region 46,Australia
95,Customer 95,customer95@example.com,City 96,Region 47,USA
96,Customer 96,customer96@example.com,City 97,Region 48,Canada
97,Customer 97,customer97@example.com,City 98,Region 49,UK
98,Customer 98,customer98@example.com,City 99,Region 50,Australia
99,Customer 99,customer99@example.com,City 100,Region 1,USA
100,Customer 100,customer100@example.com,City 101,Region 2,Canada
101,Customer 101,customer101@example.com,City 102,Region 3,UK
102,Customer 102,customer102@example.com,City 103,Region 4,Australia
103,Customer 103,customer103@example.com,City 104,Region 5,USA
104,Customer 104,customer104@example.com,City 105,Region 6,Canada
105,Customer 105,customer105@example.com,City 106,Region 7,UK
106,Customer 106,customer106@example.com,City 107,Region 8,Australia
107,Customer 107,customer107@example.com,City 108,Region 9,USA
108,Customer 108,customer108@example.com,City 109,Region 10,Canada
109,Customer 109,customer109@example.com,City 110,Region 11,UK
110,Customer 110,customer110@example.com,City 111,Region 12,Australia
111,Customer 111,customer111@example.com,City 112,Region 13,USA
112,Customer 112,customer112@example.com,City 113,Region 14,Canada
113,Customer 113,customer113@example.com,City 114,Region 15,UK
114,Customer 114,customer114@example.com,City 115,Region 16,Australia
115,Customer 115,customer115@example.com,City 116,Region 17,USA
116,Customer 116,customer116@example.com,City 117,Region 18,Canada
117,Customer 117,customer117@example.com,City 118,Region 19,UK
118,Customer 118,customer118@example.com,City 119,Region 20,Australia
119,Customer 119,customer119@example.com,City 120,Region 21,USA
120,Customer 120,customer120@example.com,City 121,Region 22,Canada
121,Customer 121,customer121@example.com,City 122,Region 23,UK
122,Customer 122,customer122@example.com,City 123,Region 24,Australia
123,Customer 123,customer123@example.com,City 124,Region 25,USA
124,Customer 124,customer124@example.com,City 125,Region 26,Canada
125,Customer 125,customer125@example.com,City 126,Region 27,UK
126,Customer 126,customer126@example.com,City 127,Region 28,Australia
127,Customer 127,customer127@example.com,City 128,Region 29,USA
128,Customer 128,customer128@example.com,City 129,Region 30,Canada
129,Customer 129,customer129@example.com,City 130,Region 31,UK
130,Customer 130,customer130@example.com,City 131,Region 32,Australia
131,Customer 131,customer131@example.com,City 132,Region 33,USA
132,Customer 132,customer132@example.com,City 133,Region 34,Canada
133,Customer 133,customer133@example.com,City 134,Region 35,UK
134,Customer 134,customer134@example.com,City 135,Region 36,Australia
135,Customer 135,customer135@example.com,City 136,Region 37,USA
136,Customer 136,customer136@example.com,City 137,Region 38,Canada
137,Customer 137,customer137@example.com,City 138,Region 39,UK
138,Customer 138,customer138@example.com,City 139,Region 40,Australia
139,Customer 139,customer139@example.com,City 140,Region 41,USA
140,Customer 140,customer140@example.com,City 141,Region 42,Canada
141,Customer 141,customer141@example.com,City 142,Region 43,UK
142,Customer 142,customer142@example.com,City 143,Region 44,Australia
143,Customer 143,customer143@example.com,City 144,Region 45,USA
144,Customer 144,customer144@example.com,City 145,Region 46,Canada
145,Customer 145,customer145@example.com,City 146,Region 47,UK
146,Customer 146,customer146@example.com,City 147,Region 48,Australia
147,Customer 147,customer147@example.com,City 148,Region 49,USA
148,Customer 148,customer148@example.com,City 149,Region 50,Canada
149,Customer 149,customer149@example.com,City 150,Region 1,UK
150,Customer 150,customer150@example.com,City 151,Region 2,Australia
151,Customer 151,customer151@example.com,City 152,Region 3,USA
152,Customer 152,customer152@example.com,City 153,Region 4,Canada
153,Customer 153,customer153@example.com,City 154,Region 5,UK
154,Customer 154,customer154@example.com,City 155,Region 6,Australia
155,Customer 155,customer155@example.com,City 156,Region 7,USA
156,Customer 156,customer156@example.com,City 157,Region 8,Canada
157,Customer 157,customer157@example.com,City 158,Region 9,UK
158,Customer 158,customer158@example.com,City 159,Region 10,Australia
159,Customer 159,customer159@example.com,City 160,Region 11,USA
160,Customer 160,customer160@example.com,City 161,Region 12,Canada
161,Customer 161,customer161@example.com,City 162,Region 13,UK
162,Customer 162,customer162@example.com,City 163,Region 14,Australia
163,Customer 163,customer163@example.com,City 164,Region 15,USA
164,Customer 164,customer164@example.com,City 165,Region 16,Canada
165,Customer 165,customer165@example.com,City 166,Region 17,UK
166,Customer 166,customer166@example.com,City 167,Region 18,Australia
167,Customer 167,customer167@example.com,City 168,Region 19,USA
168,Customer 168,customer168@example.com,City 169,Region 20,Canada
169,Customer 169,customer169@example.com,City 170,Region 21,UK
170,Customer 170,customer170@example.com,City 171,Region 22,Australia
171,Customer 171,customer171@example.com,City 172,Region 23,USA
172,Customer 172,customer172@example.com,City 173,Region 24,Canada
173,Customer 173,customer173@example.com,City 174,Region 25,UK
174,Customer 174,customer174@example.com,City 175,Region 26,Australia
175,Customer 175,customer175@example.com,City 176,Region 27,USA
176,Customer 176,customer176@example.com,City 177,Region 28,Canada
177,Customer 177,customer177@example.com,City 178,Region 29,UK
178,Customer 178,customer178@example.com,City 179,Region 30,Australia
179,Customer 179,customer179@example.com,City 180,Region 31,USA
180,Customer 180,customer180@example.com,City 181,Region 32,Canada
181,Customer 181,customer181@example.com,City 182,Region 33,UK
182,Customer 182,customer182@example.com,City 183,Region 34,Australia
183,Customer 183,customer183@example.com,City 184,Region 35,USA
184,Customer 184,customer184@example.com,City 185,Region 36,Canada
185,Customer 185,customer185@example.com,City 186,Region 37,UK
186,Customer 186,customer186@example.com,City 187,Region 38,Australia
187,Customer 187,customer187@example.com,City 188,Region 39,USA
188,Customer 188,customer188@example.com,City 189,Region 40,Canada
189,Customer 189,customer189@example.com,City 190,Region 41,UK
190,Customer 190,customer190@example.com,City 191,Region 42,Australia
191,Customer 191,customer191@example.com,City 192,Region 43,USA
192,Customer 192,customer192@example.com,City 193,Region 44,Canada
193,Customer 193,customer193@example.com,City 194,Region 45,UK
194,Customer 194,customer194@example.com,City 195,Region 46,Australia
195,Customer 195,customer195@example.com,City 196,Region 47,USA
196,Customer 196,customer196@example.com,City 197,Region 48,Canada
197,Customer 197,customer197@example.com,City 198,Region 49,UK
198,Customer 198,customer198@example.com,City 199,Region 50,Australia
199,Customer 199,customer199@example.com,City 200,Region 1,USA
200,Customer 200,customer200@example.com,City 201,Region 2,Canada
201,Customer 201,customer201@example.com,City 202,Region 3,UK
202,Customer 202,customer202@example.com,City 203,Region 4,Australia
203,Customer 203,customer203@example.com,City 204,Region 5,USA
204,Customer 204,customer204@example.com,City 205,Region 6,Canada
205,Customer 205,customer205@example.com,City 206,Region 7,UK
206,Customer 206,customer206@example.com,City 207,Region 8,Australia
207,Customer 207,customer207@example.com,City 208,Region 9,USA
208,Customer 208,customer208@example.com,City 209,Region 10,Canada
209,Customer 209,customer209@example.com,City 210,Region 11,UK
210,Customer 210,customer210@example.com,City 211,Region 12,Australia
211,Customer 211,customer211@example.com,City 212,Region 13,USA
212,Customer 212,customer212@example.com,City 213,Region 14,Canada
213,Customer 213,customer213@example.com,City 214,Region 15,UK
214,Customer 214,customer214@example.com,City 215,Region 16,Australia
215,Customer 215,customer215@example.com,City 216,Region 17,USA
216,Customer 216,customer216@example.com,City 217,Region 18,Canada
217,Customer 217,customer217@example.com,City 218,Region 19,UK
218,Customer 218,customer218@example.com,City 219,Region 20,Australia
219,Customer 219,customer219@example.com,City 220,Region 21,USA
220,Customer 220,customer220@example.com,City 221,Region 22,Canada
221,Customer 221,customer221@example.com,City 222,Region 23,UK
222,Customer 222,customer222@example.com,City 223,Region 24,Australia
223,Customer 223,customer223@example.com,City 224,Region 25,USA
224,Customer 224,customer224@example.com,City 225,Region 26,Canada
225,Customer 225,customer225@example.com,City 226,Region 27,UK
226,Customer 226,customer226@example.com,City 227,Region 28,Australia
227,Customer 227,customer227@example.com,City 228,Region 29,USA
228,Customer 228,customer228@example.com,City 229,Region 30,Canada
229,Customer 229,customer229@example.com,City 230,Region 31,UK
230,Customer 230,customer230@example.com,City 231,Region 32,Australia
231,Customer 231,customer231@example.com,City 232,Region 33,USA
232,Customer 232,customer232@example.com,City 233,Region 34,Canada
233,Customer 233,customer233@example.com,City 234,Region 35,UK
234,Customer 234,customer234@example.com,City 235,Region 36,Australia
235,Customer 235,customer235@example.com,City 236,Region 37,USA
236,Customer 236,customer236@example.com,City 237,Region 38,Canada
237,Customer 237,customer237@example.com,City 238,Region 39,UK
238,Customer 238,customer238@example.com,City 239,Region 40,Australia
239,Customer 239,customer239@example.com,City 240,Region 41,USA
240,Customer 240,customer240@example.com,City 241,Region 42,Canada
241,Customer 241,customer241@example.com,City 242,Region 43,UK
242,Customer 242,customer242@example.com,City 243,Region 44,Australia
243,Customer 243,customer243@example.com,City 244,Region 45,USA
244,Customer 244,customer244@example.com,City 245,Region 46,Canada
245,Customer 245,customer245@example.com,City 246,Region 47,UK
246,Customer 246,customer246@example.com,City 247,Region 48,Australia
247,Customer 247,customer247@example.com,City 248,Region 49,USA
248,Customer 248,customer248@example.com,City 249,Region 50,Canada
249,Customer 249,customer249@example.com,City 250,Region 1,UK
250,Customer 250,customer250@example.com,City 251,Region 2,Australia
251,Customer 251,customer251@example.com,City 252,Region 3,USA
252,Customer 252,customer252@example.com,City 253,Region 4,Canada
253,Customer 253,customer253@example.com,City 254,Region 5,UK
254,Customer 254,customer254@example.com,City 255,Region 6,Australia
255,Customer 255,customer255@example.com,City 256,Region 7,USA
256,Customer 256,customer256@example.com,City 257,Region 8,Canada
257,Customer 257,customer257@example.com,City 258,Region 9,UK
258,Customer 258,customer258@example.com,City 259,Region 10,Australia
259,Customer 259,customer259@example.com,City 260,Region 11,USA
260,Customer 260,customer260@example.com,City 261,Region 12,Canada
261,Customer 261,customer261@example.com,City 262,Region 13,UK
262,Customer 262,customer262@example.com,City 263,Region 14,Australia
263,Customer 263,customer263@example.com,City 264,Region 15,USA
264,Customer 264,customer264@example.com,City 265,Region 16,Canada
265,Customer 265,customer265@example.com,City 266,Region 17,UK
266,Customer 266,customer266@example.com,City 267,Region 18,Australia
267,Customer 267,customer267@example.com,City 268,Region 19,USA
268,Customer 268,customer268@example.com,City 269,Region 20,Canada
269,Customer 269,customer269@example.com,City 270,Region 21,UK
270,Customer 270,customer270@example.com,City 271,Region 22,Australia
271,Customer 271,customer271@example.com,City 272,Region 23,USA
272,Customer 272,customer272@example.com,City 273,Region 24,Canada
273,Customer 273,customer273@example.com,City 274,Region 25,UK
274,Customer 274,customer274@example.com,City 275,Region 26,Australia
275,Customer 275,customer275@example.com,City 276,Region 27,USA
276,Customer 276,customer276@example.com,City 277,Region 28,Canada
277,Customer 277,customer277@example.com,City 278,Region 29,UK
278,Customer 278,customer278@example.com,City 279,Region 30,Australia
279,Customer 279,customer279@example.com,City 280,Region 31,USA
280,Customer 280,customer280@example.com,City 281,Region 32,Canada
281,Customer 281,customer281@example.com,City 282,Region 33,UK
282,Customer 282,customer282@example.com,City 283,Region 34,Australia
283,Customer 283,customer283@example.com,City 284,Region 35,USA
284,Customer 284,customer284@example.com,City 285,Region 36,Canada
285,Customer 285,customer285@example.com,City 286,Region 37,UK
286,Customer 286,customer286@example.com,City 287,Region 38,Australia
287,Customer 287,customer287@example.com,City 288,Region 39,USA
288,Customer 288,customer288@example.com,City 289,Region 40,Canada
289,Customer 289,customer289@example.com,City 290,Region 41,UK
290,Customer 290,customer290@example.com,City 291,Region 42,Australia
291,Customer 291,customer291@example.com,City 292,Region 43,USA
292,Customer 292,customer292@example.com,City 293,Region 44,Canada
293,Customer 293,customer293@example.com,City 294,Region 45,UK
294,Customer 294,customer294@example.com,City 295,Region 46,Australia
295,Customer 295,customer295@example.com,City 296,Region 47,USA
296,Customer 296,customer296@example.com,City 297,Region 48,Canada
297,Customer 297,customer297@example.com,City 298,Region 49,UK
298,Customer 298,customer298@example.com,City 299,Region 50,Australia
299,Customer 299,customer299@example.com,City 300,Region 1,USA
300,Customer 300,customer300@example.com,City 301,Region 2,Canada
301,Customer 301,customer301@example.com,City 302,Region 3,UK
302,Customer 302,customer302@example.com,City 303,Region 4,Australia
303,Customer 303,customer303@example.com,City 304,Region 5,USA
304,Customer 304,customer304@example.com,City 305,Region 6,Canada
305,Customer 305,customer305@example.com,City 306,Region 7,UK
306,Customer 306,customer306@example.com,City 307,Region 8,Australia
307,Customer 307,customer307@example.com,City 308,Region 9,USA
308,Customer 308,customer308@example.com,City 309,Region 10,Canada
309,Customer 309,customer309@example.com,City 310,Region 11,UK
310,Customer 310,customer310@example.com,City 311,Region 12,Australia
311,Customer 311,customer311@example.com,City 312,Region 13,USA
312,Customer 312,customer312@example.com,City 313,Region 14,Canada
313,Customer 313,customer313@example.com,City 314,Region 15,UK
314,Customer 314,customer314@example.com,City 315,Region 16,Australia
315,Customer 315,customer315@example.com,City 316,Region 17,USA
316,Customer 316,customer316@example.com,City 317,Region 18,Canada
317,Customer 317,customer317@example.com,City 318,Region 19,UK
318,Customer 318,customer318@example.com,City 319,Region 20,Australia
319,Customer 319,customer319@example.com,City 320,Region 21,USA
320,Customer 320,customer320@example.com,City 321,Region 22,Canada
321,Customer 321,customer321@example.com,City 322,Region 23,UK
322,Customer 322,customer322@example.com,City 323,Region 24,Australia
323,Customer 323,customer323@example.com,City 324,Region 25,USA
324,Customer 324,customer324@example.com,City 325,Region 26,Canada
325,Customer 325,customer325@example.com,City 326,Region 27,UK
326,Customer 326,customer326@example.com,City 327,Region 28,Australia
327,Customer 327,customer327@example.com,City 328,Region 29,USA
328,Customer 328,customer328@example.com,City 329,Region 30,Canada
329,Customer 329,customer329@example.com,City 330,Region 31,UK
330,Customer 330,customer330@example.com,City 331,Region 32,Australia
331,Customer 331,customer331@example.com,City 332,Region 33,USA
332,Customer 332,customer332@example.com,City 333,Region 34,Canada
333,Customer 333,customer333@example.com,City 334,Region 35,UK
334,Customer 334,customer334@example.com,City 335,Region 36,Australia
335,Customer 335,customer335@example.com,City 336,Region 37,USA
336,Customer 336,customer336@example.com,City 337,Region 38,Canada
337,Customer 337,customer337@example.com,City 338,Region 39,UK
338,Customer 338,customer338@example.com,City 339,Region 40,Australia
339,Customer 339,customer339@example.com,City 340,Region 41,USA
340,Customer 340,customer340@example.com,City 341,Region 42,Canada
341,Customer 341,customer341@example.com,City 342,Region 43,UK
342,Customer 342,customer342@example.com,City 343,Region 44,Australia
343,Customer 343,customer343@example.com,City 344,Region 45,USA
344,Customer 344,customer344@example.com,City 345,Region 46,Canada
345,Customer 345,customer345@example.com,City 346,Region 47,UK
346,Customer 346,customer346@example.com,City 347,Region 48,Australia
347,Customer 347,customer347@example.com,City 348,Region 49,USA
348,Customer 348,customer348@example.com,City 349,Region 50,Canada
349,Customer 349,customer349@example.com,City 350,Region 1,UK
350,Customer 350,customer350@example.com,City 351,Region 2,Australia
351,Customer 351,customer351@example.com,City 352,Region 3,USA
352,Customer 352,customer352@example.com,City 353,Region 4,Canada
353,Customer 353,customer353@example.com,City 354,Region 5,UK
354,Customer 354,customer354@example.com,City 355,Region 6,Australia
355,Customer 355,customer355@example.com,City 356,Region 7,USA
356,Customer 356,customer356@example.com,City 357,Region 8,Canada
357,Customer 357,customer357@example.com,City 358,Region 9,UK
358,Customer 358,customer358@example.com,City 359,Region 10,Australia
359,Customer 359,customer359@example.com,City 360,Region 11,USA
360,Customer 360,customer360@example.com,City 361,Region 12,Canada
361,Customer 361,customer361@example.com,City 362,Region 13,UK
362,Customer 362,customer362@example.com,City 363,Region 14,Australia
363,Customer 363,customer363@example.com,City 364,Region 15,USA
364,Customer 364,customer364@example.com,City 365,Region 16,Canada
365,Customer 365,customer365@example.com,City 366,Region 17,UK
366,Customer 366,customer366@example.com,City 367,Region 18,Australia
367,Customer 367,customer367@example.com,City 368,Region 19,USA
368,Customer 368,customer368@example.com,City 369,Region 20,Canada
369,Customer 369,customer369@example.com,City 370,Region 21,UK
370,Customer 370,customer370@example.com,City 371,Region 22,Australia
371,Customer 371,customer371@example.com,City 372,Region 23,USA
372,Customer 372,customer372@example.com,City 373,Region 24,Canada
373,Customer 373,customer373@example.com,City 374,Region 25,UK
374,Customer 374,customer374@example.com,City 375,Region 26,Australia
375,Customer 375,customer375@example.com,City 376,Region 27,USA
376,Customer 376,customer376@example.com,City 377,Region 28,Canada
377,Customer 377,customer377@example.com,City 378,Region 29,UK
378,Customer 378,customer378@example.com,City 379,Region 30,Australia
379,Customer 379,customer379@example.com,City 380,Region 31,USA
380,Customer 380,customer380@example.com,City 381,Region 32,Canada
381,Customer 381,customer381@example.com,City 382,Region 33,UK
382,Customer 382,customer382@example.com,City 383,Region 34,Australia
383,Customer 383,customer383@example.com,City 384,Region 35,USA
384,Customer 384,customer384@example.com,City 385,Region 36,Canada
385,Customer 385,customer385@example.com,City 386,Region 37,UK
386,Customer 386,customer386@example.com,City 387,Region 38,Australia
387,Customer 387,customer387@example.com,City 388,Region 39,USA
388,Customer 388,customer388@example.com,City 389,Region 40,Canada
389,Customer 389,customer389@example.com,City 390,Region 41,UK
390,Customer 390,customer390@example.com,City 391,Region 42,Australia
391,Customer 391,customer391@example.com,City 392,Region 43,USA
392,Customer 392,customer392@example.com,City 393,Region 44,Canada
393,Customer 393,customer393@example.com,City 394,Region 45,UK
394,Customer 394,customer394@example.com,City 395,Region 46,Australia
395,Customer 395,customer395@example.com,City 396,Region 47,USA
396,Customer 396,customer396@example.com,City 397,Region 48,Canada
397,Customer 397,customer397@example.com,City 398,Region 49,UK
398,Customer 398,customer398@example.com,City 399,Region 50,Australia
399,Customer 399,customer399@example.com,City 400,Region 1,USA
400,Customer 400,customer400@example.com,City 401,Region 2,Canada
401,Customer 401,customer401@example.com,City 402,Region 3,UK
402,Customer 402,customer402@example.com,City 403,Region 4,Australia
403,Customer 403,customer403@example.com,City 404,Region 5,USA
404,Customer 404,customer404@example.com,City 405,Region 6,Canada
405,Customer 405,customer405@example.com,City 406,Region 7,UK
406,Customer 406,customer406@example.com,City 407,Region 8,Australia
407,Customer 407,customer407@example.com,City 408,Region 9,USA
408,Customer 408,customer408@example.com,City 409,Region 10,Canada
409,Customer 409,customer409@example.com,City 410,Region 11,UK
410,Customer 410,customer410@example.com,City 411,Region 12,Australia
411,Customer 411,customer411@example.com,City 412,Region 13,USA
412,Customer 412,customer412@example.com,City 413,Region 14,Canada
413,Customer 413,customer413@example.com,City 414,Region 15,UK
414,Customer 414,customer414@example.com,City 415,Region 16,Australia
415,Customer 415,customer415@example.com,City 416,Region 17,USA
416,Customer 416,customer416@example.com,City 417,Region 18,Canada
417,Customer 417,customer417@example.com,City 418,Region 19,UK
418,Customer 418,customer418@example.com,City 419,Region 20,Australia
419,Customer 419,customer419@example.com,City 420,Region 21,USA
420,Customer 420,customer420@example.com,City 421,Region 22,Canada
421,Customer 421,customer421@example.com,City 422,Region 23,UK
422,Customer 422,customer422@example.com,City 423,Region 24,Australia
423,Customer 423,customer423@example.com,City 424,Region 25,USA
424,Customer 424,customer424@example.com,City 425,Region 26,Canada
425,Customer 425,customer425@example.com,City 426,Region 27,UK
426,Customer 426,customer426@example.com,City 427,Region 28,Australia
427,Customer 427,customer427@example.com,City 428,Region 29,USA
428,Customer 428,customer428@example.com,City 429,Region 30,Canada
429,Customer 429,customer429@example.com,City 430,Region 31,UK
430,Customer 430,customer430@example.com,City 431,Region 32,Australia
431,Customer 431,customer431@example.com,City 432,Region 33,USA
432,Customer 432,customer432@example.com,City 433,Region 34,Canada
433,Customer 433,customer433@example.com,City 434,Region 35,UK
434,Customer 434,customer434@example.com,City 435,Region 36,Australia
435,Customer 435,customer435@example.com,City 436,Region 37,USA
436,Customer 436,customer436@example.com,City 437,Region 38,Canada
437,Customer 437,customer437@example.com,City 438,Region 39,UK
438,Customer 438,customer438@example.com,City 439,Region 40,Australia
439,Customer 439,customer439@example.com,City 440,Region 41,USA
440,Customer 440,customer440@example.com,City 441,Region 42,Canada
441,Customer 441,customer441@example.com,City 442,Region 43,UK
442,Customer 442,customer442@example.com,City 443,Region 44,Australia
443,Customer 443,customer443@example.com,City 444,Region 45,USA
444,Customer 444,customer444@example.com,City 445,Region 46,Canada
445,Customer 445,customer445@example.com,City 446,Region 47,UK
446,Customer 446,customer446@example.com,City 447,Region 48,Australia
447,Customer 447,customer447@example.com,City 448,Region 49,USA
448,Customer 448,customer448@example.com,City 449,Region 50,Canada
449,Customer 449,customer449@example.com,City 450,Region 1,UK
450,Customer 450,customer450@example.com,City 451,Region 2,Australia
451,Customer 451,customer451@example.com,City 452,Region 3,USA
452,Customer 452,customer452@example.com,City 453,Region 4,Canada
453,Customer 453,customer453@example.com,City 454,Region 5,UK
454,Customer 454,customer454@example.com,City 455,Region 6,Australia
455,Customer 455,customer455@example.com,City 456,Region 7,USA
456,Customer 456,customer456@example.com,City 457,Region 8,Canada
457,Customer 457,customer457@example.com,City 458,Region 9,UK
458,Customer 458,customer458@example.com,City 459,Region 10,Australia
459,Customer 459,customer459@example.com,City 460,Region 11,USA
460,Customer 460,customer460@example.com,City 461,Region 12,Canada
461,Customer 461,customer461@example.com,City 462,Region 13,UK
462,Customer 462,customer462@example.com,City 463,Region 14,Australia
463,Customer 463,customer463@example.com,City 464,Region 15,USA
464,Customer 464,customer464@example.com,City 465,Region 16,Canada
465,Customer 465,customer465@example.com,City 466,Region 17,UK
466,Customer 466,customer466@example.com,City 467,Region 18,Australia
467,Customer 467,customer467@example.com,City 468,Region 19,USA
468,Customer 468,customer468@example.com,City 469,Region 20,Canada
469,Customer 469,customer469@example.com,City 470,Region 21,UK
470,Customer 470,customer470@example.com,City 471,Region 22,Australia
471,Customer 471,customer471@example.com,City 472,Region 23,USA
472,Customer 472,customer472@example.com,City 473,Region 24,Canada
473,Customer 473,customer473@example.com,City 474,Region 25,UK
474,Customer 474,customer474@example.com,City 475,Region 26,Australia
475,Customer 475,customer475@example.com,City 476,Region 27,USA
476,Customer 476,customer476@example.com,City 477,Region 28,Canada
477,Customer 477,customer477@example.com,City 478,Region 29,UK
478,Customer 478,customer478@example.com,City 479,Region 30,Australia
479,Customer 479,customer479@example.com,City 480,Region 31,USA
480,Customer 480,customer480@example.com,City 481,Region 32,Canada
481,Customer 481,customer481@example.com,City 482,Region 33,UK
482,Customer 482,customer482@example.com,City 483,Region 34,Australia
483,Customer 483,customer483@example.com,City 484,Region 35,USA
484,Customer 484,customer484@example.com,City 485,Region 36,Canada
485,Customer 485,customer485@example.com,City 486,Region 37,UK
486,Customer 486,customer486@example.com,City 487,Region 38,Australia
487,Customer 487,customer487@example.com,City 488,Region 39,USA
488,Customer 488,customer488@example.com,City 489,Region 40,Canada
489,Customer 489,customer489@example.com,City 490,Region 41,UK
490,Customer 490,customer490@example.com,City 491,Region 42,Australia
491,Customer 491,customer491@example.com,City 492,Region 43,USA
492,Customer 492,customer492@example.com,City 493,Region 44,Canada
493,Customer 493,customer493@example.com,City 494,Region 45,UK
494,Customer 494,customer494@example.com,City 495,Region 46,Australia
495,Customer 495,customer495@example.com,City 496,Region 47,USA
496,Customer 496,customer496@example.com,City 497,Region 48,Canada
497,Customer 497,customer497@example.com,City 498,Region 49,UK
498,Customer 498,customer498@example.com,City 499,Region 50,Australia
499,Customer 499,customer499@example.com,City 500,Region 1,USA
500,Customer 500,customer500@example.com,City 501,Region 2,Canada
501,Customer 501,customer501@example.com,City 502,Region 3,UK
502,Customer 502,customer502@example.com,City 503,Region 4,Australia
503,Customer 503,customer503@example.com,City 504,Region 5,USA
504,Customer 504,customer504@example.com,City 505,Region 6,Canada
505,Customer 505,customer505@example.com,City 506,Region 7,UK
506,Customer 506,customer506@example.com,City 507,Region 8,Australia
507,Customer 507,customer507@example.com,City 508,Region 9,USA
508,Customer 508,customer508@example.com,City 509,Region 10,Canada
509,Customer 509,customer509@example.com,City 510,Region 11,UK
510,Customer 510,customer510@example.com,City 511,Region 12,Australia
511,Customer 511,customer511@example.com,City 512,Region 13,USA
512,Customer 512,customer512@example.com,City 513,Region 14,Canada
513,Customer 513,customer513@example.com,City 514,Region 15,UK
514,Customer 514,customer514@example.com,City 515,Region 16,Australia
515,Customer 515,customer515@example.com,City 516,Region 17,USA
516,Customer 516,customer516@example.com,City 517,Region 18,Canada
517,Customer 517,customer517@example.com,City 518,Region 19,UK
518,Customer 518,customer518@example.com,City 519,Region 20,Australia
519,Customer 519,customer519@example.com,City 520,Region 21,USA
520,Customer 520,customer520@example.com,City 521,Region 22,Canada
521,Customer 521,customer521@example.com,City 522,Region 23,UK
522,Customer 522,customer522@example.com,City 523,Region 24,Australia
523,Customer 523,customer523@example.com,City 524,Region 25,USA
524,Customer 524,customer524@example.com,City 525,Region 26,Canada
525,Customer 525,customer525@example.com,City 526,Region 27,UK
526,Customer 526,customer526@example.com,City 527,Region 28,Australia
527,Customer 527,customer527@example.com,City 528,Region 29,USA
528,Customer 528,customer528@example.com,City 529,Region 30,Canada
529,Customer 529,customer529@example.com,City 530,Region 31,UK
530,Customer 530,customer530@example.com,City 531,Region 32,Australia
531,Customer 531,customer531@example.com,City 532,Region 33,USA
532,Customer 532,customer532@example.com,City 533,Region 34,Canada
533,Customer 533,customer533@example.com,City 534,Region 35,UK
534,Customer 534,customer534@example.com,City 535,Region 36,Australia
535,Customer 535,customer535@example.com,City 536,Region 37,USA
536,Customer 536,customer536@example.com,City 537,Region 38,Canada
537,Customer 537,customer537@example.com,City 538,Region 39,UK
538,Customer 538,customer538@example.com,City 539,Region 40,Australia
539,Customer 539,customer539@example.com,City 540,Region 41,USA
540,Customer 540,customer540@example.com,City 541,Region 42,Canada
541,Customer 541,customer541@example.com,City 542,Region 43,UK
542,Customer 542,customer542@example.com,City 543,Region 44,Australia
543,Customer 543,customer543@example.com,City 544,Region 45,USA
544,Customer 544,customer544@example.com,City 545,Region 46,Canada
545,Customer 545,customer545@example.com,City 546,Region 47,UK
546,Customer 546,customer546@example.com,City 547,Region 48,Australia
547,Customer 547,customer547@example.com,City 548,Region 49,USA
548,Customer 548,customer548@example.com,City 549,Region 50,Canada
549,Customer 549,customer549@example.com,City 550,Region 1,UK
550,Customer 550,customer550@example.com,City 551,Region 2,Australia
551,Customer 551,customer551@example.com,City 552,Region 3,USA
552,Customer 552,customer552@example.com,City 553,Region 4,Canada
553,Customer 553,customer553@example.com,City 554,Region 5,UK
554,Customer 554,customer554@example.com,City 555,Region 6,Australia
555,Customer 555,customer555@example.com,City 556,Region 7,USA
556,Customer 556,customer556@example.com,City 557,Region 8,Canada
557,Customer 557,customer557@example.com,City 558,Region 9,UK
558,Customer 558,customer558@example.com,City 559,Region 10,Australia
559,Customer 559,customer559@example.com,City 560,Region 11,USA
560,Customer 560,customer560@example.com,City 561,Region 12,Canada
561,Customer 561,customer561@example.com,City 562,Region 13,UK
562,Customer 562,customer562@example.com,City 563,Region 14,Australia
563,Customer 563,customer563@example.com,City 564,Region 15,USA
564,Customer 564,customer564@example.com,City 565,Region 16,Canada
565,Customer 565,customer565@example.com,City 566,Region 17,UK
566,Customer 566,customer566@example.com,City 567,Region 18,Australia
567,Customer 567,customer567@example.com,City 568,Region 19,USA
568,Customer 568,customer568@example.com,City 569,Region 20,Canada
569,Customer 569,customer569@example.com,City 570,Region 21,UK
570,Customer 570,customer570@example.com,City 571,Region 22,Australia
571,Customer 571,customer571@example.com,City 572,Region 23,USA
572,Customer 572,customer572@example.com,City 573,Region 24,Canada
573,Customer 573,customer573@example.com,City 574,Region 25,UK
574,Customer 574,customer574@example.com,City 575,Region 26,Australia
575,Customer 575,customer575@example.com,City 576,Region 27,USA
576,Customer 576,customer576@example.com,City 577,Region 28,Canada
577,Customer 577,customer577@example.com,City 578,Region 29,UK
578,Customer 578,customer578@example.com,City 579,Region 30,Australia
579,Customer 579,customer579@example.com,City 580,Region 31,USA
580,Customer 580,customer580@example.com,City 581,Region 32,Canada
581,Customer 581,customer581@example.com,City 582,Region 33,UK
582,Customer 582,customer582@example.com,City 583,Region 34,Australia
583,Customer 583,customer583@example.com,City 584,Region 35,USA
584,Customer 584,customer584@example.com,City 585,Region 36,Canada
585,Customer 585,customer585@example.com,City 586,Region 37,UK
586,Customer 586,customer586@example.com,City 587,Region 38,Australia
587,Customer 587,customer587@example.com,City 588,Region 39,USA
588,Customer 588,customer588@example.com,City 589,Region 40,Canada
589,Customer 589,customer589@example.com,City 590,Region 41,UK
590,Customer 590,customer590@example.com,City 591,Region 42,Australia
591,Customer 591,customer591@example.com,City 592,Region 43,USA
592,Customer 592,customer592@example.com,City 593,Region 44,Canada
593,Customer 593,customer593@example.com,City 594,Region 45,UK
594,Customer 594,customer594@example.com,City 595,Region 46,Australia
595,Customer 595,customer595@example.com,City 596,Region 47,USA
596,Customer 596,customer596@example.com,City 597,Region 48,Canada
597,Customer 597,customer597@example.com,City 598,Region 49,UK
598,Customer 598,customer598@example.com,City 599,Region 50,Australia
599,Customer 599,customer599@example.com,City 600,Region 1,USA
600,Customer 600,customer600@example.com,City 601,Region 2,Canada
601,Customer 601,customer601@example.com,City 602,Region 3,UK
602,Customer 602,customer602@example.com,City 603,Region 4,Australia
603,Customer 603,customer603@example.com,City 604,Region 5,USA
604,Customer 604,customer604@example.com,City 605,Region 6,Canada
605,Customer 605,customer605@example.com,City 606,Region 7,UK
606,Customer 606,customer606@example.com,City 607,Region 8,Australia
607,Customer 607,customer607@example.com,City 608,Region 9,USA
608,Customer 608,customer608@example.com,City 609,Region 10,Canada
609,Customer 609,customer609@example.com,City 610,Region 11,UK
610,Customer 610,customer610@example.com,City 611,Region 12,Australia
611,Customer 611,customer611@example.com,City 612,Region 13,USA
612,Customer 612,customer612@example.com,City 613,Region 14,Canada
613,Customer 613,customer613@example.com,City 614,Region 15,UK
614,Customer 614,customer614@example.com,City 615,Region 16,Australia
615,Customer 615,customer615@example.com,City 616,Region 17,USA
616,Customer 616,customer616@example.com,City 617,Region 18,Canada
617,Customer 617,customer617@example.com,City 618,Region 19,UK
618,Customer 618,customer618@example.com,City 619,Region 20,Australia
619,Customer 619,customer619@example.com,City 620,Region 21,USA
620,Customer 620,customer620@example.com,City 621,Region 22,Canada
621,Customer 621,customer621@example.com,City 622,Region 23,UK
622,Customer 622,customer622@example.com,City 623,Region 24,Australia
623,Customer 623,customer623@example.com,City 624,Region 25,USA
624,Customer 624,customer624@example.com,City 625,Region 26,Canada
625,Customer 625,customer625@example.com,City 626,Region 27,UK
626,Customer 626,customer626@example.com,City 627,Region 28,Australia
627,Customer 627,customer627@example.com,City 628,Region 29,USA
628,Customer 628,customer628@example.com,City 629,Region 30,Canada
629,Customer 629,customer629@example.com,City 630,Region 31,UK
630,Customer 630,customer630@example.com,City 631,Region 32,Australia
631,Customer 631,customer631@example.com,City 632,Region 33,USA
632,Customer 632,customer632@example.com,City 633,Region 34,Canada
633,Customer 633,customer633@example.com,City 634,Region 35,UK
634,Customer 634,customer634@example.com,City 635,Region 36,Australia
635,Customer 635,customer635@example.com,City 636,Region 37,USA
636,Customer 636,customer636@example.com,City 637,Region 38,Canada
637,Customer 637,customer637@example.com,City 638,Region 39,UK
638,Customer 638,customer638@example.com,City 639,Region 40,Australia
639,Customer 639,customer639@example.com,City 640,Region 41,USA
640,Customer 640,customer640@example.com,City 641,Region 42,Canada
641,Customer 641,customer641@example.com,City 642,Region 43,UK
642,Customer 642,customer642@example.com,City 643,Region 44,Australia
643,Customer 643,customer643@example.com,City 644,Region 45,USA
644,Customer 644,customer644@example.com,City 645,Region 46,Canada
645,Customer 645,customer645@example.com,City 646,Region 47,UK
646,Customer 646,customer646@example.com,City 647,Region 48,Australia
647,Customer 647,customer647@example.com,City 648,Region 49,USA
648,Customer 648,customer648@example.com,City 649,Region 50,Canada
649,Customer 649,customer649@example.com,City 650,Region 1,UK
650,Customer 650,customer650@example.com,City 651,Region 2,Australia
651,Customer 651,customer651@example.com,City 652,Region 3,USA
652,Customer 652,customer652@example.com,City 653,Region 4,Canada
653,Customer 653,customer653@example.com,City 654,Region 5,UK
654,Customer 654,customer654@example.com,City 655,Region 6,Australia
655,Customer 655,customer655@example.com,City 656,Region 7,USA
656,Customer 656,customer656@example.com,City 657,Region 8,Canada
657,Customer 657,customer657@example.com,City 658,Region 9,UK
658,Customer 658,customer658@example.com,City 659,Region 10,Australia
659,Customer 659,customer659@example.com,City 660,Region 11,USA
660,Customer 660,customer660@example.com,City 661,Region 12,Canada
661,Customer 661,customer661@example.com,City 662,Region 13,UK
662,Customer 662,customer662@example.com,City 663,Region 14,Australia
663,Customer 663,customer663@example.com,City 664,Region 15,USA
664,Customer 664,customer664@example.com,City 665,Region 16,Canada
665,Customer 665,customer665@example.com,City 666,Region 17,UK
666,Customer 666,customer666@example.com,City 667,Region 18,Australia
667,Customer 667,customer667@example.com,City 668,Region 19,USA
668,Customer 668,customer668@example.com,City 669,Region 20,Canada
669,Customer 669,customer669@example.com,City 670,Region 21,UK
670,Customer 670,customer670@example.com,City 671,Region 22,Australia
671,Customer 671,customer671@example.com,City 672,Region 23,USA
672,Customer 672,customer672@example.com,City 673,Region 24,Canada
673,Customer 673,customer673@example.com,City 674,Region 25,UK
674,Customer 674,customer674@example.com,City 675,Region 26,Australia
675,Customer 675,customer675@example.com,City 676,Region 27,USA
676,Customer 676,customer676@example.com,City 677,Region 28,Canada
677,Customer 677,customer677@example.com,City 678,Region 29,UK
678,Customer 678,customer678@example.com,City 679,Region 30,Australia
679,Customer 679,customer679@example.com,City 680,Region 31,USA
680,Customer 680,customer680@example.com,City 681,Region 32,Canada
681,Customer 681,customer681@example.com,City 682,Region 33,UK
682,Customer 682,customer682@example.com,City 683,Region 34,Australia
683,Customer 683,customer683@example.com,City 684,Region 35,USA
684,Customer 684,customer684@example.com,City 685,Region 36,Canada
685,Customer 685,customer685@example.com,City 686,Region 37,UK
686,Customer 686,customer686@example.com,City 687,Region 38,Australia
687,Customer 687,customer687@example.com,City 688,Region 39,USA
688,Customer 688,customer688@example.com,City 689,Region 40,Canada
689,Customer 689,customer689@example.com,City 690,Region 41,UK
690,Customer 690,customer690@example.com,City 691,Region 42,Australia
691,Customer 691,customer691@example.com,City 692,Region 43,USA
692,Customer 692,customer692@example.com,City 693,Region 44,Canada
693,Customer 693,customer693@example.com,City 694,Region 45,UK
694,Customer 694,customer694@example.com,City 695,Region 46,Australia
695,Customer 695,customer695@example.com,City 696,Region 47,USA
696,Customer 696,customer696@example.com,City 697,Region 48,Canada
697,Customer 697,customer697@example.com,City 698,Region 49,UK
698,Customer 698,customer698@example.com,City 699,Region 50,Australia
699,Customer 699,customer699@example.com,City 700,Region 1,USA
700,Customer 700,customer700@example.com,City 701,Region 2,Canada
701,Customer 701,customer701@example.com,City 702,Region 3,UK
702,Customer 702,customer702@example.com,City 703,Region 4,Australia
703,Customer 703,customer703@example.com,City 704,Region 5,USA
704,Customer 704,customer704@example.com,City 705,Region 6,Canada
705,Customer 705,customer705@example.com,City 706,Region 7,UK
706,Customer 706,customer706@example.com,City 707,Region 8,Australia
707,Customer 707,customer707@example.com,City 708,Region 9,USA
708,Customer 708,customer708@example.com,City 709,Region 10,Canada
709,Customer 709,customer709@example.com,City 710,Region 11,UK
710,Customer 710,customer710@example.com,City 711,Region 12,Australia
711,Customer 711,customer711@example.com,City 712,Region 13,USA
712,Customer 712,customer712@example.com,City 713,Region 14,Canada
713,Customer 713,customer713@example.com,City 714,Region 15,UK
714,Customer 714,customer714@example.com,City 715,Region 16,Australia
715,Customer 715,customer715@example.com,City 716,Region 17,USA
716,Customer 716,customer716@example.com,City 717,Region 18,Canada
717,Customer 717,customer717@example.com,City 718,Region 19,UK
718,Customer 718,customer718@example.com,City 719,Region 20,Australia
719,Customer 719,customer719@example.com,City 720,Region 21,USA
720,Customer 720,customer720@example.com,City 721,Region 22,Canada
721,Customer 721,customer721@example.com,City 722,Region 23,UK
722,Customer 722,customer722@example.com,City 723,Region 24,Australia
723,Customer 723,customer723@example.com,City 724,Region 25,USA
724,Customer 724,customer724@example.com,City 725,Region 26,Canada
725,Customer 725,customer725@example.com,City 726,Region 27,UK
726,Customer 726,customer726@example.com,City 727,Region 28,Australia
727,Customer 727,customer727@example.com,City 728,Region 29,USA
728,Customer 728,customer728@example.com,City 729,Region 30,Canada
729,Customer 729,customer729@example.com,City 730,Region 31,UK
730,Customer 730,customer730@example.com,City 731,Region 32,Australia
731,Customer 731,customer731@example.com,City 732,Region 33,USA
732,Customer 732,customer732@example.com,City 733,Region 34,Canada
733,Customer 733,customer733@example.com,City 734,Region 35,UK
734,Customer 734,customer734@example.com,City 735,Region 36,Australia
735,Customer 735,customer735@example.com,City 736,Region 37,USA
736,Customer 736,customer736@example.com,City 737,Region 38,Canada
737,Customer 737,customer737@example.com,City 738,Region 39,UK
738,Customer 738,customer738@example.com,City 739,Region 40,Australia
739,Customer 739,customer739@example.com,City 740,Region 41,USA
740,Customer 740,customer740@example.com,City 741,Region 42,Canada
741,Customer 741,customer741@example.com,City 742,Region 43,UK
742,Customer 742,customer742@example.com,City 743,Region 44,Australia
743,Customer 743,customer743@example.com,City 744,Region 45,USA
744,Customer 744,customer744@example.com,City 745,Region 46,Canada
745,Customer 745,customer745@example.com,City 746,Region 47,UK
746,Customer 746,customer746@example.com,City 747,Region 48,Australia
747,Customer 747,customer747@example.com,City 748,Region 49,USA
748,Customer 748,customer748@example.com,City 749,Region 50,Canada
749,Customer 749,customer749@example.com,City 750,Region 1,UK
750,Customer 750,customer750@example.com,City 751,Region 2,Australia
751,Customer 751,customer751@example.com,City 752,Region 3,USA
752,Customer 752,customer752@example.com,City 753,Region 4,Canada
753,Customer 753,customer753@example.com,City 754,Region 5,UK
754,Customer 754,customer754@example.com,City 755,Region 6,Australia
755,Customer 755,customer755@example.com,City 756,Region 7,USA
756,Customer 756,customer756@example.com,City 757,Region 8,Canada
757,Customer 757,customer757@example.com,City 758,Region 9,UK
758,Customer 758,customer758@example.com,City 759,Region 10,Australia
759,Customer 759,customer759@example.com,City 760,Region 11,USA
760,Customer 760,customer760@example.com,City 761,Region 12,Canada
761,Customer 761,customer761@example.com,City 762,Region 13,UK
762,Customer 762,customer762@example.com,City 763,Region 14,Australia
763,Customer 763,customer763@example.com,City 764,Region 15,USA
764,Customer 764,customer764@example.com,City 765,Region 16,Canada
765,Customer 765,customer765@example.com,City 766,Region 17,UK
766,Customer 766,customer766@example.com,City 767,Region 18,Australia
767,Customer 767,customer767@example.com,City 768,Region 19,USA
768,Customer 768,customer768@example.com,City 769,Region 20,Canada
769,Customer 769,customer769@example.com,City 770,Region 21,UK
770,Customer 770,customer770@example.com,City 771,Region 22,Australia
771,Customer 771,customer771@example.com,City 772,Region 23,USA
772,Customer 772,customer772@example.com,City 773,Region 24,Canada
773,Customer 773,customer773@example.com,City 774,Region 25,UK
774,Customer 774,customer774@example.com,City 775,Region 26,Australia
775,Customer 775,customer775@example.com,City 776,Region 27,USA
776,Customer 776,customer776@example.com,City 777,Region 28,Canada
777,Customer 777,customer777@example.com,City 778,Region 29,UK
778,Customer 778,customer778@example.com,City 779,Region 30,Australia
779,Customer 779,customer779@example.com,City 780,Region 31,USA
780,Customer 780,customer780@example.com,City 781,Region 32,Canada
781,Customer 781,customer781@example.com,City 782,Region 33,UK
782,Customer 782,customer782@example.com,City 783,Region 34,Australia
783,Customer 783,customer783@example.com,City 784,Region 35,USA
784,Customer 784,customer784@example.com,City 785,Region 36,Canada
785,Customer 785,customer785@example.com,City 786,Region 37,UK
786,Customer 786,customer786@example.com,City 787,Region 38,Australia
787,Customer 787,customer787@example.com,City 788,Region 39,USA
788,Customer 788,customer788@example.com,City 789,Region 40,Canada
789,Customer 789,customer789@example.com,City 790,Region 41,UK
790,Customer 790,customer790@example.com,City 791,Region 42,Australia
791,Customer 791,customer791@example.com,City 792,Region 43,USA
792,Customer 792,customer792@example.com,City 793,Region 44,Canada
793,Customer 793,customer793@example.com,City 794,Region 45,UK
794,Customer 794,customer794@example.com,City 795,Region 46,Australia
795,Customer 795,customer795@example.com,City 796,Region 47,USA
796,Customer 796,customer796@example.com,City 797,Region 48,Canada
797,Customer 797,customer797@example.com,City 798,Region 49,UK
798,Customer 798,customer798@example.com,City 799,Region 50,Australia
799,Customer 799,customer799@example.com,City 800,Region 1,USA
800,Customer 800,customer800@example.com,City 801,Region 2,Canada
801,Customer 801,customer801@example.com,City 802,Region 3,UK
802,Customer 802,customer802@example.com,City 803,Region 4,Australia
803,Customer 803,customer803@example.com,City 804,Region 5,USA
804,Customer 804,customer804@example.com,City 805,Region 6,Canada
805,Customer 805,customer805@example.com,City 806,Region 7,UK
806,Customer 806,customer806@example.com,City 807,Region 8,Australia
807,Customer 807,customer807@example.com,City 808,Region 9,USA
808,Customer 808,customer808@example.com,City 809,Region 10,Canada
809,Customer 809,customer809@example.com,City 810,Region 11,UK
810,Customer 810,customer810@example.com,City 811,Region 12,Australia
811,Customer 811,customer811@example.com,City 812,Region 13,USA
812,Customer 812,customer812@example.com,City 813,Region 14,Canada
813,Customer 813,customer813@example.com,City 814,Region 15,UK
814,Customer 814,customer814@example.com,City 815,Region 16,Australia
815,Customer 815,customer815@example.com,City 816,Region 17,USA
816,Customer 816,customer816@example.com,City 817,Region 18,Canada
817,Customer 817,customer817@example.com,City 818,Region 19,UK
818,Customer 818,customer818@example.com,City 819,Region 20,Australia
819,Customer 819,customer819@example.com,City 820,Region 21,USA
820,Customer 820,customer820@example.com,City 821,Region 22,Canada
821,Customer 821,customer821@example.com,City 822,Region 23,UK
822,Customer 822,customer822@example.com,City 823,Region 24,Australia
823,Customer 823,customer823@example.com,City 824,Region 25,USA
824,Customer 824,customer824@example.com,City 825,Region 26,Canada
825,Customer 825,customer825@example.com,City 826,Region 27,UK
826,Customer 826,customer826@example.com,City 827,Region 28,Australia
827,Customer 827,customer827@example.com,City 828,Region 29,USA
828,Customer 828,customer828@example.com,City 829,Region 30,Canada
829,Customer 829,customer829@example.com,City 830,Region 31,UK
830,Customer 830,customer830@example.com,City 831,Region 32,Australia
831,Customer 831,customer831@example.com,City 832,Region 33,USA
832,Customer 832,customer832@example.com,City 833,Region 34,Canada
833,Customer 833,customer833@example.com,City 834,Region 35,UK
834,Customer 834,customer834@example.com,City 835,Region 36,Australia
835,Customer 835,customer835@example.com,City 836,Region 37,USA
836,Customer 836,customer836@example.com,City 837,Region 38,Canada
837,Customer 837,customer837@example.com,City 838,Region 39,UK
838,Customer 838,customer838@example.com,City 839,Region 40,Australia
839,Customer 839,customer839@example.com,City 840,Region 41,USA
840,Customer 840,customer840@example.com,City 841,Region 42,Canada
841,Customer 841,customer841@example.com,City 842,Region 43,UK
842,Customer 842,customer842@example.com,City 843,Region 44,Australia
843,Customer 843,customer843@example.com,City 844,Region 45,USA
844,Customer 844,customer844@example.com,City 845,Region 46,Canada
845,Customer 845,customer845@example.com,City 846,Region 47,UK
846,Customer 846,customer846@example.com,City 847,Region 48,Australia
847,Customer 847,customer847@example.com,City 848,Region 49,USA
848,Customer 848,customer848@example.com,City 849,Region 50,Canada
849,Customer 849,customer849@example.com,City 850,Region 1,UK
850,Customer 850,customer850@example.com,City 851,Region 2,Australia
851,Customer 851,customer851@example.com,City 852,Region 3,USA
852,Customer 852,customer852@example.com,City 853,Region 4,Canada
853,Customer 853,customer853@example.com,City 854,Region 5,UK
854,Customer 854,customer854@example.com,City 855,Region 6,Australia
855,Customer 855,customer855@example.com,City 856,Region 7,USA
856,Customer 856,customer856@example.com,City 857,Region 8,Canada
857,Customer 857,customer857@example.com,City 858,Region 9,UK
858,Customer 858,customer858@example.com,City 859,Region 10,Australia
859,Customer 859,customer859@example.com,City 860,Region 11,USA
860,Customer 860,customer860@example.com,City 861,Region 12,Canada
861,Customer 861,customer861@example.com,City 862,Region 13,UK
862,Customer 862,customer862@example.com,City 863,Region 14,Australia
863,Customer 863,customer863@example.com,City 864,Region 15,USA
864,Customer 864,customer864@example.com,City 865,Region 16,Canada
865,Customer 865,customer865@example.com,City 866,Region 17,UK
866,Customer 866,customer866@example.com,City 867,Region 18,Australia
867,Customer 867,customer867@example.com,City 868,Region 19,USA
868,Customer 868,customer868@example.com,City 869,Region 20,Canada
869,Customer 869,customer869@example.com,City 870,Region 21,UK
870,Customer 870,customer870@example.com,City 871,Region 22,Australia
871,Customer 871,customer871@example.com,City 872,Region 23,USA
872,Customer 872,customer872@example.com,City 873,Region 24,Canada
873,Customer 873,customer873@example.com,City 874,Region 25,UK
874,Customer 874,customer874@example.com,City 875,Region 26,Australia
875,Customer 875,customer875@example.com,City 876,Region 27,USA
876,Customer 876,customer876@example.com,City 877,Region 28,Canada
877,Customer 877,customer877@example.com,City 878,Region 29,UK
878,Customer 878,customer878@example.com,City 879,Region 30,Australia
879,Customer 879,customer879@example.com,City 880,Region 31,USA
880,Customer 880,customer880@example.com,City 881,Region 32,Canada
881,Customer 881,customer881@example.com,City 882,Region 33,UK
882,Customer 882,customer882@example.com,City 883,Region 34,Australia
883,Customer 883,customer883@example.com,City 884,Region 35,USA
884,Customer 884,customer884@example.com,City 885,Region 36,Canada
885,Customer 885,customer885@example.com,City 886,Region 37,UK
886,Customer 886,customer886@example.com,City 887,Region 38,Australia
887,Customer 887,customer887@example.com,City 888,Region 39,USA
888,Customer 888,customer888@example.com,City 889,Region 40,Canada
889,Customer 889,customer889@example.com,City 890,Region 41,UK
890,Customer 890,customer890@example.com,City 891,Region 42,Australia
891,Customer 891,customer891@example.com,City 892,Region 43,USA
892,Customer 892,customer892@example.com,City 893,Region 44,Canada
893,Customer 893,customer893@example.com,City 894,Region 45,UK
894,Customer 894,customer894@example.com,City 895,Region 46,Australia
895,Customer 895,customer895@example.com,City 896,Region 47,USA
896,Customer 896,customer896@example.com,City 897,Region 48,Canada
897,Customer 897,customer897@example.com,City 898,Region 49,UK
898,Customer 898,customer898@example.com,City 899,Region 50,Australia
899,Customer 899,customer899@example.com,City 900,Region 1,USA
900,Customer 900,customer900@example.com,City 901,Region 2,Canada
901,Customer 901,customer901@example.com,City 902,Region 3,UK
902,Customer 902,customer902@example.com,City 903,Region 4,Australia
903,Customer 903,customer903@example.com,City 904,Region 5,USA
904,Customer 904,customer904@example.com,City 905,Region 6,Canada
905,Customer 905,customer905@example.com,City 906,Region 7,UK
906,Customer 906,customer906@example.com,City 907,Region 8,Australia
907,Customer 907,customer907@example.com,City 908,Region 9,USA
908,Customer 908,customer908@example.com,City 909,Region 10,Canada
909,Customer 909,customer909@example.com,City 910,Region 11,UK
910,Customer 910,customer910@example.com,City 911,Region 12,Australia
911,Customer 911,customer911@example.com,City 912,Region 13,USA
912,Customer 912,customer912@example.com,City 913,Region 14,Canada
913,Customer 913,customer913@example.com,City 914,Region 15,UK
914,Customer 914,customer914@example.com,City 915,Region 16,Australia
915,Customer 915,customer915@example.com,City 916,Region 17,USA
916,Customer 916,customer916@example.com,City 917,Region 18,Canada
917,Customer 917,customer917@example.com,City 918,Region 19,UK
918,Customer 918,customer918@example.com,City 919,Region 20,Australia
919,Customer 919,customer919@example.com,City 920,Region 21,USA
920,Customer 920,customer920@example.com,City 921,Region 22,Canada
921,Customer 921,customer921@example.com,City 922,Region 23,UK
922,Customer 922,customer922@example.com,City 923,Region 24,Australia
923,Customer 923,customer923@example.com,City 924,Region 25,USA
924,Customer 924,customer924@example.com,City 925,Region 26,Canada
925,Customer 925,customer925@example.com,City 926,Region 27,UK
926,Customer 926,customer926@example.com,City 927,Region 28,Australia
927,Customer 927,customer927@example.com,City 928,Region 29,USA
928,Customer 928,customer928@example.com,City 929,Region 30,Canada
929,Customer 929,customer929@example.com,City 930,Region 31,UK
930,Customer 930,customer930@example.com,City 931,Region 32,Australia
931,Customer 931,customer931@example.com,City 932,Region 33,USA
932,Customer 932,customer932@example.com,City 933,Region 34,Canada
933,Customer 933,customer933@example.com,City 934,Region 35,UK
934,Customer 934,customer934@example.com,City 935,Region 36,Australia
935,Customer 935,customer935@example.com,City 936,Region 37,USA
936,Customer 936,customer936@example.com,City 937,Region 38,Canada
937,Customer 937,customer937@example.com,City 938,Region 39,UK
938,Customer 938,customer938@example.com,City 939,Region 40,Australia
939,Customer 939,customer939@example.com,City 940,Region 41,USA
940,Customer 940,customer940@example.com,City 941,Region 42,Canada
941,Customer 941,customer941@example.com,City 942,Region 43,UK
942,Customer 942,customer942@example.com,City 943,Region 44,Australia
943,Customer 943,customer943@example.com,City 944,Region 45,USA
944,Customer 944,customer944@example.com,City 945,Region 46,Canada
945,Customer 945,customer945@example.com,City 946,Region 47,UK
946,Customer 946,customer946@example.com,City 947,Region 48,Australia
947,Customer 947,customer947@example.com,City 948,Region 49,USA
948,Customer 948,customer948@example.com,City 949,Region 50,Canada
949,Customer 949,customer949@example.com,City 950,Region 1,UK
950,Customer 950,customer950@example.com,City 951,Region 2,Australia
951,Customer 951,customer951@example.com,City 952,Region 3,USA
952,Customer 952,customer952@example.com,City 953,Region 4,Canada
953,Customer 953,customer953@example.com,City 954,Region 5,UK
954,Customer 954,customer954@example.com,City 955,Region 6,Australia
955,Customer 955,customer955@example.com,City 956,Region 7,USA
956,Customer 956,customer956@example.com,City 957,Region 8,Canada
957,Customer 957,customer957@example.com,City 958,Region 9,UK
958,Customer 958,customer958@example.com,City 959,Region 10,Australia
959,Customer 959,customer959@example.com,City 960,Region 11,USA
960,Customer 960,customer960@example.com,City 961,Region 12,Canada
961,Customer 961,customer961@example.com,City 962,Region 13,UK
962,Customer 962,customer962@example.com,City 963,Region 14,Australia
963,Customer 963,customer963@example.com,City 964,Region 15,USA
964,Customer 964,customer964@example.com,City 965,Region 16,Canada
965,Customer 965,customer965@example.com,City 966,Region 17,UK
966,Customer 966,customer966@example.com,City 967,Region 18,Australia
967,Customer 967,customer967@example.com,City 968,Region 19,USA
968,Customer 968,customer968@example.com,City 969,Region 20,Canada
969,Customer 969,customer969@example.com,City 970,Region 21,UK
970,Customer 970,customer970@example.com,City 971,Region 22,Australia
971,Customer 971,customer971@example.com,City 972,Region 23,USA
972,Customer 972,customer972@example.com,City 973,Region 24,Canada
973,Customer 973,customer973@example.com,City 974,Region 25,UK
974,Customer 974,customer974@example.com,City 975,Region 26,Australia
975,Customer 975,customer975@example.com,City 976,Region 27,USA
976,Customer 976,customer976@example.com,City 977,Region 28,Canada
977,Customer 977,customer977@example.com,City 978,Region 29,UK
978,Customer 978,customer978@example.com,City 979,Region 30,Australia
979,Customer 979,customer979@example.com,City 980,Region 31,USA
980,Customer 980,customer980@example.com,City 981,Region 32,Canada
981,Customer 981,customer981@example.com,City 982,Region 33,UK
982,Customer 982,customer982@example.com,City 983,Region 34,Australia
983,Customer 983,customer983@example.com,City 984,Region 35,USA
984,Customer 984,customer984@example.com,City 985,Region 36,Canada
985,Customer 985,customer985@example.com,City 986,Region 37,UK
986,Customer 986,customer986@example.com,City 987,Region 38,Australia
987,Customer 987,customer987@example.com,City 988,Region 39,USA
988,Customer 988,customer988@example.com,City 989,Region 40,Canada
989,Customer 989,customer989@example.com,City 990,Region 41,UK
990,Customer 990,customer990@example.com,City 991,Region 42,Australia
991,Customer 991,customer991@example.com,City 992,Region 43,USA
992,Customer 992,customer992@example.com,City 993,Region 44,Canada
993,Customer 993,customer993@example.com,City 994,Region 45,UK
994,Customer 994,customer994@example.com,City 995,Region 46,Australia
995,Customer 995,customer995@example.com,City 996,Region 47,USA
996,Customer 996,customer996@example.com,City 997,Region 48,Canada
997,Customer 997,customer997@example.com,City 998,Region 49,UK
998,Customer 998,customer998@example.com,City 999,Region 50,Australia
999,Customer 999,customer999@example.com,City 1000,Region 1,USA
1000,Customer 1000,customer1000@example.com,City 1,Region 2,Canada
