SalespersonName,StoreName,TotalSales,TotalOrders,TotalProfit
Salesperson 875,Store 26,3883,13,3370
Salesperson 690,Store 41,3545,10,3147
Salesperson 113,Store 14,3433,12,2880
Salesperson 354,Store 5,3418,10,2901
Salesperson 781,Store 32,3406,9,3091
Salesperson 111,Store 12,3399,11,2773
Salesperson 726,Store 27,3368,10,2861
Salesperson 341,Store 42,3282,10,2828
Salesperson 596,Store 47,3130,13,2438
Salesperson 643,Store 44,3103,10,2496
Salesperson 95,Store 46,3098,10,2607
Salesperson 556,Store 7,3079,11,2462
Salesperson 511,Store 12,3064,10,2517
Salesperson 869,Store 20,3057,10,2525
Salesperson 633,Store 34,3001,12,2589
Salesperson 472,Store 23,2964,9,2443
Salesperson 181,Store 32,2961,10,2251
Salesperson 876,Store 27,2901,12,2298
Salesperson 107,Store 8,2897,9,2445
Salesperson 93,Store 44,2893,9,2457
Salesperson 753,Store 4,2881,9,2369
Salesperson 724,Store 25,2869,11,2269
Salesperson 299,Store 50,2866,12,2487
Salesperson 7,Store 8,2845,9,2277
Salesperson 205,Store 6,2841,10,2267
Salesperson 712,Store 13,2811,9,2422
Salesperson 10,Store 11,2794,8,2412
Salesperson 74,Store 25,2790,10,2217
Salesperson 843,Store 44,2780,9,2339
Salesperson 971,Store 22,2772,12,2074
Salesperson 622,Store 23,2736,11,2278
Salesperson 53,Store 4,2722,9,2276
Salesperson 51,Store 2,2718,10,2361
Salesperson 616,Store 17,2718,9,2221
Salesperson 284,Store 35,2707,9,2131
Salesperson 356,Store 7,2698,11,2136
Salesperson 247,Store 48,2646,8,2167
Salesperson 459,Store 10,2636,8,2289
Salesperson 766,Store 17,2613,6,2334
Salesperson 291,Store 42,2600,9,1976
Salesperson 69,Store 20,2581,9,2037
Salesperson 601,Store 2,2556,9,2080
Salesperson 824,Store 25,2547,7,2062
Salesperson 859,Store 10,2539,8,2215
Salesperson 618,Store 19,2528,9,1967
Salesperson 196,Store 47,2526,9,2192
Salesperson 627,Store 28,2520,9,1995
Salesperson 565,Store 16,2518,7,2110
Salesperson 999,Store 50,2517,9,1995
Salesperson 417,Store 18,2510,9,1953
Salesperson 260,Store 11,2500,9,2148
Salesperson 177,Store 28,2467,6,2125
Salesperson 403,Store 4,2447,8,1943
Salesperson 608,Store 9,2430,11,1834
Salesperson 452,Store 3,2426,8,1992
Salesperson 14,Store 15,2420,8,1977
Salesperson 237,Store 38,2415,7,2070
Salesperson 689,Store 40,2412,7,2163
Salesperson 659,Store 10,2408,10,1832
Salesperson 322,Store 23,2394,7,2032
Salesperson 429,Store 30,2392,8,2160
Salesperson 997,Store 48,2391,8,1918
Salesperson 883,Store 34,2390,7,2065
Salesperson 947,Store 48,2384,8,1750
Salesperson 735,Store 36,2384,7,1944
Salesperson 97,Store 48,2379,8,1908
Salesperson 334,Store 35,2373,8,2000
Salesperson 233,Store 34,2372,7,2135
Salesperson 285,Store 36,2365,7,2083
Salesperson 197,Store 48,2365,8,2025
Salesperson 236,Store 37,2349,7,2030
Salesperson 157,Store 8,2342,10,1667
Salesperson 927,Store 28,2328,6,1921
Salesperson 893,Store 44,2325,7,1916
Salesperson 189,Store 40,2323,9,1854
Salesperson 143,Store 44,2316,7,1819
Salesperson 283,Store 34,2310,7,1964
Salesperson 671,Store 22,2300,6,2024
Salesperson 852,Store 3,2291,8,1732
Salesperson 159,Store 10,2273,8,1856
Salesperson 198,Store 49,2254,10,1507
Salesperson 501,Store 2,2252,8,1925
Salesperson 61,Store 12,2249,9,1845
Salesperson 359,Store 10,2246,12,1718
Salesperson 831,Store 32,2244,9,1791
Salesperson 348,Store 49,2242,9,1758
Salesperson 318,Store 19,2241,9,1918
Salesperson 619,Store 20,2238,9,1748
Salesperson 847,Store 48,2236,7,1886
Salesperson 392,Store 43,2235,8,1773
Salesperson 426,Store 27,2234,7,1762
Salesperson 851,Store 2,2230,9,1730
Salesperson 182,Store 33,2225,6,1890
Salesperson 777,Store 28,2219,10,1481
Salesperson 778,Store 29,2212,8,1846
Salesperson 982,Store 33,2193,9,1610
Salesperson 440,Store 41,2190,9,1762
Salesperson 138,Store 39,2187,9,1658
Salesperson 418,Store 19,2186,7,1770
Salesperson 698,Store 49,2180,10,1365
Salesperson 30,Store 31,2172,7,1789
Salesperson 173,Store 24,2172,7,1870
Salesperson 458,Store 9,2161,5,1939
Salesperson 480,Store 31,2128,8,1689
Salesperson 890,Store 41,2125,9,1589
Salesperson 132,Store 33,2120,8,1656
Salesperson 68,Store 19,2120,8,1614
Salesperson 165,Store 16,2117,7,1709
Salesperson 2,Store 3,2116,7,1723
Salesperson 944,Store 45,2111,9,1501
Salesperson 101,Store 2,2109,7,1659
Salesperson 873,Store 24,2108,7,1702
Salesperson 572,Store 23,2094,7,1669
Salesperson 404,Store 5,2087,8,1544
Salesperson 818,Store 19,2074,8,1659
Salesperson 482,Store 33,2067,9,1435
Salesperson 304,Store 5,2067,5,1770
Salesperson 832,Store 33,2064,8,1608
Salesperson 641,Store 42,2036,5,1744
Salesperson 439,Store 40,2034,8,1682
Salesperson 637,Store 38,2034,7,1576
Salesperson 1,Store 2,2033,6,1781
Salesperson 561,Store 12,2032,5,1752
Salesperson 957,Store 8,2031,7,1756
Salesperson 595,Store 46,2030,6,1815
Salesperson 912,Store 13,2028,8,1579
Salesperson 377,Store 28,2027,7,1672
Salesperson 715,Store 16,2022,10,1459
Salesperson 555,Store 6,2019,8,1599
Salesperson 858,Store 9,2019,7,1635
Salesperson 495,Store 46,2016,10,1437
Salesperson 271,Store 22,2016,8,1599
Salesperson 888,Store 39,2010,8,1504
Salesperson 389,Store 40,2005,7,1579
Salesperson 896,Store 47,2002,5,1729
Salesperson 933,Store 34,2001,7,1730
Salesperson 589,Store 40,2000,10,1545
Salesperson 412,Store 13,1999,7,1643
Salesperson 23,Store 24,1998,6,1713
Salesperson 201,Store 2,1995,6,1699
Salesperson 518,Store 19,1990,7,1721
Salesperson 294,Store 45,1990,6,1696
Salesperson 386,Store 37,1988,6,1678
Salesperson 106,Store 7,1979,8,1459
Salesperson 430,Store 31,1978,5,1709
Salesperson 110,Store 11,1976,7,1571
Salesperson 562,Store 13,1970,7,1697
Salesperson 296,Store 47,1970,7,1561
Salesperson 116,Store 17,1962,7,1539
Salesperson 349,Store 50,1961,8,1463
Salesperson 651,Store 2,1952,6,1633
Salesperson 976,Store 27,1946,6,1593
Salesperson 970,Store 21,1943,7,1622
Salesperson 808,Store 9,1943,6,1669
Salesperson 991,Store 42,1940,7,1344
Salesperson 923,Store 24,1938,7,1563
Salesperson 526,Store 27,1937,8,1491
Salesperson 801,Store 2,1936,8,1421
Salesperson 874,Store 25,1934,9,1580
Salesperson 219,Store 20,1926,7,1519
Salesperson 612,Store 13,1924,9,1456
Salesperson 811,Store 12,1921,7,1520
Salesperson 350,Store 1,1921,5,1673
Salesperson 120,Store 21,1911,6,1615
Salesperson 719,Store 20,1911,8,1460
Salesperson 520,Store 21,1910,5,1638
Salesperson 272,Store 23,1909,7,1527
Salesperson 65,Store 16,1907,8,1435
Salesperson 585,Store 36,1907,7,1433
Salesperson 973,Store 24,1906,6,1671
Salesperson 156,Store 7,1904,8,1383
Salesperson 963,Store 14,1902,6,1512
Salesperson 246,Store 47,1899,8,1350
Salesperson 500,Store 1,1897,7,1375
Salesperson 642,Store 43,1891,7,1558
Salesperson 492,Store 43,1884,5,1532
Salesperson 542,Store 43,1883,8,1351
Salesperson 744,Store 45,1880,7,1544
Salesperson 137,Store 38,1879,7,1419
Salesperson 264,Store 15,1872,7,1415
Salesperson 537,Store 38,1863,5,1580
Salesperson 114,Store 15,1861,7,1472
Salesperson 921,Store 22,1861,5,1527
Salesperson 80,Store 31,1858,8,1530
Salesperson 70,Store 21,1847,5,1628
Salesperson 105,Store 6,1844,5,1459
Salesperson 145,Store 46,1842,7,1373
Salesperson 676,Store 27,1837,7,1496
Salesperson 24,Store 25,1835,5,1506
Salesperson 463,Store 14,1833,6,1563
Salesperson 308,Store 9,1826,7,1387
Salesperson 210,Store 11,1825,6,1545
Salesperson 289,Store 40,1824,7,1325
Salesperson 639,Store 40,1808,8,1378
Salesperson 757,Store 8,1808,6,1509
Salesperson 678,Store 29,1805,7,1388
Salesperson 382,Store 33,1804,8,1354
Salesperson 871,Store 22,1804,6,1440
Salesperson 488,Store 39,1802,10,1269
Salesperson 533,Store 34,1799,8,1420
Salesperson 975,Store 26,1797,6,1520
Salesperson 222,Store 23,1796,6,1409
Salesperson 5,Store 6,1792,7,1404
Salesperson 849,Store 50,1792,7,1346
Salesperson 27,Store 28,1788,6,1493
Salesperson 378,Store 29,1787,6,1303
Salesperson 401,Store 2,1786,8,1394
Salesperson 293,Store 44,1786,7,1457
Salesperson 436,Store 37,1781,7,1363
Salesperson 153,Store 4,1772,6,1528
Salesperson 446,Store 47,1772,7,1332
Salesperson 862,Store 13,1770,5,1515
Salesperson 323,Store 24,1767,6,1511
Salesperson 974,Store 25,1765,6,1363
Salesperson 905,Store 6,1765,7,1394
Salesperson 730,Store 31,1764,7,1368
Salesperson 645,Store 46,1763,7,1543
Salesperson 263,Store 14,1760,6,1377
Salesperson 442,Store 43,1756,6,1417
Salesperson 751,Store 2,1753,6,1395
Salesperson 261,Store 12,1752,6,1379
Salesperson 321,Store 22,1750,9,1318
Salesperson 9,Store 10,1749,8,1317
Salesperson 965,Store 16,1745,7,1383
Salesperson 582,Store 33,1743,6,1284
Salesperson 324,Store 25,1741,6,1544
Salesperson 474,Store 25,1733,7,1383
Salesperson 421,Store 22,1724,7,1234
Salesperson 720,Store 21,1724,6,1391
Salesperson 498,Store 49,1716,5,1323
Salesperson 451,Store 2,1714,6,1485
Salesperson 278,Store 29,1712,7,1318
Salesperson 789,Store 40,1711,5,1395
Salesperson 834,Store 35,1704,7,1213
Salesperson 369,Store 20,1704,5,1410
Salesperson 239,Store 40,1702,7,1363
Salesperson 934,Store 35,1697,7,1123
Salesperson 593,Store 44,1697,7,1329
Salesperson 813,Store 14,1692,7,1385
Salesperson 185,Store 36,1686,6,1308
Salesperson 631,Store 32,1683,7,1327
Salesperson 677,Store 28,1682,5,1354
Salesperson 728,Store 29,1681,8,1235
Salesperson 591,Store 42,1680,5,1402
Salesperson 978,Store 29,1677,4,1519
Salesperson 491,Store 42,1675,6,1416
Salesperson 337,Store 38,1674,6,1399
Salesperson 884,Store 35,1671,5,1387
Salesperson 330,Store 31,1671,6,1405
Salesperson 59,Store 10,1671,6,1345
Salesperson 117,Store 18,1670,6,1190
Salesperson 230,Store 31,1670,9,1152
Salesperson 544,Store 45,1666,7,1187
Salesperson 66,Store 17,1664,5,1386
Salesperson 425,Store 26,1661,5,1338
Salesperson 274,Store 25,1660,7,1222
Salesperson 863,Store 14,1657,10,1205
Salesperson 787,Store 38,1657,8,1159
Salesperson 557,Store 8,1657,8,1148
Salesperson 64,Store 15,1654,7,1381
Salesperson 697,Store 48,1652,5,1349
Salesperson 13,Store 14,1649,5,1299
Salesperson 424,Store 25,1649,5,1267
Salesperson 214,Store 15,1642,6,1367
Salesperson 228,Store 29,1640,7,1385
Salesperson 39,Store 40,1639,4,1435
Salesperson 460,Store 11,1635,7,1071
Salesperson 693,Store 44,1625,4,1428
Salesperson 949,Store 50,1624,5,1244
Salesperson 836,Store 37,1621,5,1282
Salesperson 769,Store 20,1619,6,1312
Salesperson 262,Store 13,1618,4,1514
Salesperson 172,Store 23,1617,8,1168
Salesperson 535,Store 36,1615,8,1199
Salesperson 141,Store 42,1615,7,1185
Salesperson 362,Store 13,1614,5,1425
Salesperson 333,Store 34,1612,5,1409
Salesperson 814,Store 15,1608,7,1310
Salesperson 487,Store 38,1607,6,1293
Salesperson 661,Store 12,1606,8,1256
Salesperson 597,Store 48,1603,5,1298
Salesperson 907,Store 8,1597,6,1281
Salesperson 853,Store 4,1597,6,1202
Salesperson 763,Store 14,1592,6,1275
Salesperson 241,Store 42,1587,5,1443
Salesperson 737,Store 38,1586,6,1217
Salesperson 76,Store 27,1584,6,1263
Salesperson 398,Store 49,1581,6,1246
Salesperson 819,Store 20,1580,7,998
Salesperson 416,Store 17,1577,5,1309
Salesperson 710,Store 11,1577,6,1211
Salesperson 21,Store 22,1575,5,1244
Salesperson 583,Store 34,1574,7,1111
Salesperson 517,Store 18,1574,9,1056
Salesperson 810,Store 11,1573,5,1278
Salesperson 980,Store 31,1571,6,1166
Salesperson 723,Store 24,1571,5,1256
Salesperson 72,Store 23,1566,7,1016
Salesperson 127,Store 28,1566,6,1123
Salesperson 1000,Store 1,1566,5,1498
Salesperson 90,Store 41,1566,9,1071
Salesperson 695,Store 46,1566,5,1338
Salesperson 191,Store 42,1562,5,1305
Salesperson 297,Store 48,1560,5,1372
Salesperson 779,Store 30,1560,5,1204
Salesperson 969,Store 20,1556,7,1310
Salesperson 691,Store 42,1554,4,1361
Salesperson 229,Store 30,1548,7,1138
Salesperson 202,Store 3,1546,6,1210
Salesperson 878,Store 29,1541,7,1193
Salesperson 731,Store 32,1540,5,1267
Salesperson 384,Store 35,1532,7,957
Salesperson 775,Store 26,1530,6,1212
Salesperson 361,Store 12,1527,8,1029
Salesperson 717,Store 18,1525,7,1167
Salesperson 162,Store 13,1524,6,1195
Salesperson 798,Store 49,1521,5,1173
Salesperson 799,Store 50,1519,8,1070
Salesperson 200,Store 1,1514,8,1134
Salesperson 301,Store 2,1512,6,1115
Salesperson 270,Store 21,1511,5,1325
Salesperson 314,Store 15,1509,9,920
Salesperson 738,Store 39,1508,5,1226
Salesperson 345,Store 46,1507,6,1083
Salesperson 840,Store 41,1506,4,1378
Salesperson 898,Store 49,1506,5,1139
Salesperson 447,Store 48,1504,6,1257
Salesperson 305,Store 6,1498,6,1116
Salesperson 669,Store 20,1496,7,1155
Salesperson 950,Store 1,1495,6,1225
Salesperson 588,Store 39,1494,4,1260
Salesperson 771,Store 22,1491,5,1138
Salesperson 331,Store 32,1489,7,1023
Salesperson 812,Store 13,1489,7,1085
Salesperson 84,Store 35,1489,5,1232
Salesperson 287,Store 38,1487,4,1161
Salesperson 656,Store 7,1487,5,1230
Salesperson 48,Store 49,1485,7,1000
Salesperson 286,Store 37,1484,6,1144
Salesperson 365,Store 16,1484,4,1231
Salesperson 368,Store 19,1482,8,977
Salesperson 782,Store 33,1482,6,1012
Salesperson 772,Store 23,1481,6,1112
Salesperson 861,Store 12,1480,5,1254
Salesperson 701,Store 2,1479,6,1284
Salesperson 188,Store 39,1479,4,1243
Salesperson 357,Store 8,1477,5,1161
Salesperson 914,Store 15,1473,6,1105
Salesperson 147,Store 48,1472,5,1202
Salesperson 613,Store 14,1470,5,1257
Salesperson 218,Store 19,1469,8,1021
Salesperson 708,Store 9,1467,6,1172
Salesperson 894,Store 45,1465,5,1189
Salesperson 541,Store 42,1465,5,1234
Salesperson 489,Store 40,1465,5,997
Salesperson 174,Store 25,1461,5,1216
Salesperson 26,Store 27,1460,6,1083
Salesperson 515,Store 16,1459,6,1160
Salesperson 351,Store 2,1454,5,1262
Salesperson 792,Store 43,1454,7,1076
Salesperson 534,Store 35,1451,6,1040
Salesperson 383,Store 34,1450,6,1258
Salesperson 486,Store 37,1447,4,1203
Salesperson 140,Store 41,1445,7,967
Salesperson 837,Store 38,1440,6,1119
Salesperson 37,Store 38,1440,5,1243
Salesperson 81,Store 32,1440,7,1016
Salesperson 408,Store 9,1435,4,1115
Salesperson 670,Store 21,1429,5,1215
Salesperson 164,Store 15,1425,4,1189
Salesperson 190,Store 41,1423,5,1198
Salesperson 576,Store 27,1421,6,1154
Salesperson 355,Store 6,1420,5,1115
Salesperson 904,Store 5,1419,6,1216
Salesperson 685,Store 36,1419,4,1060
Salesperson 599,Store 50,1418,5,1086
Salesperson 276,Store 27,1413,6,942
Salesperson 802,Store 3,1413,4,1313
Salesperson 838,Store 39,1412,5,1133
Salesperson 773,Store 24,1410,5,1087
Salesperson 558,Store 9,1409,8,1054
Salesperson 434,Store 35,1405,6,1056
Salesperson 43,Store 44,1404,7,961
Salesperson 600,Store 1,1403,4,1223
Salesperson 563,Store 14,1401,4,1150
Salesperson 209,Store 10,1398,8,986
Salesperson 454,Store 5,1397,4,1157
Salesperson 979,Store 30,1394,6,1125
Salesperson 700,Store 1,1392,5,1105
Salesperson 733,Store 34,1390,4,1226
Salesperson 457,Store 8,1388,7,1081
Salesperson 856,Store 7,1387,5,1205
Salesperson 481,Store 32,1385,6,1100
Salesperson 212,Store 13,1385,4,1254
Salesperson 586,Store 37,1379,5,1119
Salesperson 668,Store 19,1378,5,1215
Salesperson 611,Store 12,1375,8,988
Salesperson 20,Store 21,1373,4,1168
Salesperson 187,Store 38,1373,5,1125
Salesperson 864,Store 15,1369,4,1158
Salesperson 966,Store 17,1369,4,1153
Salesperson 82,Store 33,1368,7,1035
Salesperson 579,Store 30,1365,3,1176
Salesperson 566,Store 17,1364,6,1067
Salesperson 171,Store 22,1363,5,1218
Salesperson 803,Store 4,1359,6,1116
Salesperson 92,Store 43,1357,4,1081
Salesperson 41,Store 42,1357,5,1004
Salesperson 961,Store 12,1355,6,954
Salesperson 575,Store 26,1353,7,894
Salesperson 679,Store 30,1353,7,1066
Salesperson 225,Store 26,1352,4,1218
Salesperson 752,Store 3,1334,7,1090
Salesperson 605,Store 6,1334,4,1141
Salesperson 91,Store 42,1331,4,1216
Salesperson 584,Store 35,1331,4,1129
Salesperson 35,Store 36,1330,6,1066
Salesperson 939,Store 40,1330,5,1025
Salesperson 347,Store 48,1330,5,1138
Salesperson 559,Store 10,1330,4,1115
Salesperson 124,Store 25,1329,5,1094
Salesperson 166,Store 17,1328,5,1081
Salesperson 471,Store 22,1327,4,1036
Salesperson 279,Store 30,1327,6,1102
Salesperson 877,Store 28,1326,6,1138
Salesperson 911,Store 12,1326,5,948
Salesperson 413,Store 14,1326,3,1230
Salesperson 63,Store 14,1325,4,1043
Salesperson 672,Store 23,1324,4,1196
Salesperson 399,Store 50,1321,6,1075
Salesperson 662,Store 13,1319,5,1113
Salesperson 371,Store 22,1318,6,887
Salesperson 340,Store 41,1318,5,1153
Salesperson 329,Store 30,1316,6,1074
Salesperson 531,Store 32,1315,5,1107
Salesperson 816,Store 17,1314,3,1185
Salesperson 680,Store 31,1310,4,1078
Salesperson 867,Store 18,1303,5,929
Salesperson 809,Store 10,1301,5,943
Salesperson 652,Store 3,1301,4,1089
Salesperson 232,Store 33,1300,4,1064
Salesperson 199,Store 50,1297,5,1093
Salesperson 948,Store 49,1294,6,1059
Salesperson 142,Store 43,1294,5,1075
Salesperson 604,Store 5,1292,5,1095
Salesperson 958,Store 9,1288,3,1101
Salesperson 303,Store 4,1288,3,1145
Salesperson 251,Store 2,1286,5,1054
Salesperson 254,Store 5,1285,5,1022
Salesperson 525,Store 26,1284,7,1052
Salesperson 353,Store 4,1282,5,1098
Salesperson 78,Store 29,1281,5,905
Salesperson 607,Store 8,1280,5,948
Salesperson 56,Store 7,1278,5,1029
Salesperson 530,Store 31,1278,5,1069
Salesperson 409,Store 10,1276,4,1183
Salesperson 512,Store 13,1275,4,1054
Salesperson 658,Store 9,1274,5,1016
Salesperson 929,Store 30,1272,5,899
Salesperson 493,Store 44,1270,5,893
Salesperson 653,Store 4,1267,4,1054
Salesperson 134,Store 35,1266,4,1038
Salesperson 790,Store 41,1265,6,1005
Salesperson 273,Store 24,1264,6,931
Salesperson 650,Store 1,1264,4,1016
Salesperson 571,Store 22,1261,5,961
Salesperson 376,Store 27,1261,5,908
Salesperson 725,Store 26,1260,3,1128
Salesperson 850,Store 1,1260,5,1005
Salesperson 687,Store 38,1259,5,1092
Salesperson 986,Store 37,1258,4,1099
Salesperson 479,Store 30,1257,5,937
Salesperson 176,Store 27,1254,6,950
Salesperson 729,Store 30,1251,5,1039
Salesperson 504,Store 5,1251,5,1086
Salesperson 553,Store 4,1249,5,826
Salesperson 335,Store 36,1247,4,1056
Salesperson 694,Store 45,1247,4,1076
Salesperson 435,Store 36,1243,7,902
Salesperson 312,Store 13,1241,6,940
Salesperson 268,Store 19,1239,6,925
Salesperson 987,Store 38,1239,4,1056
Salesperson 797,Store 48,1233,5,901
Salesperson 606,Store 7,1232,5,974
Salesperson 441,Store 42,1232,3,1071
Salesperson 992,Store 43,1232,5,1130
Salesperson 128,Store 29,1232,4,1000
Salesperson 841,Store 42,1231,3,1140
Salesperson 746,Store 47,1231,6,1022
Salesperson 36,Store 37,1231,5,908
Salesperson 204,Store 5,1231,6,1069
Salesperson 510,Store 11,1229,4,980
Salesperson 503,Store 4,1227,4,1127
Salesperson 397,Store 48,1222,5,918
Salesperson 620,Store 21,1222,8,815
Salesperson 709,Store 10,1218,4,936
Salesperson 866,Store 17,1217,3,1015
Salesperson 450,Store 1,1215,5,952
Salesperson 807,Store 8,1215,4,956
Salesperson 666,Store 17,1213,6,881
Salesperson 702,Store 3,1212,4,1010
Salesperson 521,Store 22,1210,5,888
Salesperson 892,Store 43,1209,5,990
Salesperson 868,Store 19,1207,5,1008
Salesperson 750,Store 1,1206,6,819
Salesperson 265,Store 16,1202,4,1049
Salesperson 73,Store 24,1201,5,915
Salesperson 502,Store 3,1199,4,1142
Salesperson 519,Store 20,1199,4,973
Salesperson 150,Store 1,1199,4,1042
Salesperson 956,Store 7,1195,5,858
Salesperson 634,Store 35,1191,3,1084
Salesperson 931,Store 32,1190,6,831
Salesperson 67,Store 18,1188,4,979
Salesperson 367,Store 18,1187,6,790
Salesperson 46,Store 47,1187,6,705
Salesperson 547,Store 48,1187,5,787
Salesperson 428,Store 29,1186,6,801
Salesperson 12,Store 13,1185,4,947
Salesperson 806,Store 7,1184,6,874
Salesperson 793,Store 44,1184,6,916
Salesperson 846,Store 47,1182,5,944
Salesperson 993,Store 44,1179,5,913
Salesperson 136,Store 37,1176,5,874
Salesperson 913,Store 14,1174,3,969
Salesperson 960,Store 11,1173,5,748
Salesperson 269,Store 20,1173,5,937
Salesperson 706,Store 7,1173,4,870
Salesperson 943,Store 44,1171,4,988
Salesperson 915,Store 16,1171,6,677
Salesperson 507,Store 8,1170,4,933
Salesperson 373,Store 24,1169,4,1029
Salesperson 192,Store 43,1167,5,880
Salesperson 625,Store 26,1156,4,905
Salesperson 632,Store 33,1155,5,947
Salesperson 462,Store 13,1154,3,965
Salesperson 223,Store 24,1152,5,846
Salesperson 387,Store 38,1152,5,866
Salesperson 528,Store 29,1148,4,1022
Salesperson 919,Store 20,1148,7,688
Salesperson 785,Store 36,1146,4,899
Salesperson 688,Store 39,1146,5,931
Salesperson 4,Store 5,1144,5,917
Salesperson 253,Store 4,1142,5,886
Salesperson 800,Store 1,1135,4,873
Salesperson 211,Store 12,1131,5,870
Salesperson 577,Store 28,1130,3,865
Salesperson 758,Store 9,1130,5,895
Salesperson 835,Store 36,1128,5,759
Salesperson 307,Store 8,1126,4,907
Salesperson 25,Store 26,1125,3,998
Salesperson 925,Store 26,1116,4,808
Salesperson 774,Store 25,1114,4,851
Salesperson 951,Store 2,1114,4,806
Salesperson 221,Store 22,1111,5,691
Salesperson 352,Store 3,1111,5,743
Salesperson 889,Store 40,1109,3,1002
Salesperson 122,Store 23,1108,4,1001
Salesperson 623,Store 24,1107,4,871
Salesperson 470,Store 21,1107,4,885
Salesperson 144,Store 45,1106,5,893
Salesperson 33,Store 34,1104,5,790
Salesperson 370,Store 21,1103,4,901
Salesperson 467,Store 18,1102,6,867
Salesperson 437,Store 38,1102,7,740
Salesperson 932,Store 33,1100,5,753
Salesperson 990,Store 41,1099,6,862
Salesperson 540,Store 41,1098,5,763
Salesperson 427,Store 28,1098,6,892
Salesperson 703,Store 4,1096,5,837
Salesperson 390,Store 41,1094,5,825
Salesperson 300,Store 1,1091,4,854
Salesperson 255,Store 6,1087,5,879
Salesperson 55,Store 6,1086,3,903
Salesperson 19,Store 20,1085,3,990
Salesperson 328,Store 29,1084,5,812
Salesperson 29,Store 30,1078,4,860
Salesperson 243,Store 44,1078,5,802
Salesperson 722,Store 23,1074,4,801
Salesperson 245,Store 46,1071,5,892
Salesperson 848,Store 49,1070,6,731
Salesperson 109,Store 10,1070,4,811
Salesperson 89,Store 40,1064,5,853
Salesperson 560,Store 11,1063,7,716
Salesperson 206,Store 7,1062,5,740
Salesperson 411,Store 12,1061,4,825
Salesperson 11,Store 12,1059,4,822
Salesperson 696,Store 47,1059,6,735
Salesperson 477,Store 28,1058,4,763
Salesperson 880,Store 31,1054,5,849
Salesperson 985,Store 36,1050,7,794
Salesperson 257,Store 8,1047,6,804
Salesperson 17,Store 18,1044,6,795
Salesperson 820,Store 21,1043,4,901
Salesperson 833,Store 34,1043,3,841
Salesperson 108,Store 9,1043,4,788
Salesperson 98,Store 49,1043,4,776
Salesperson 554,Store 5,1043,4,836
Salesperson 705,Store 6,1042,4,842
Salesperson 258,Store 9,1041,3,811
Salesperson 281,Store 32,1041,5,608
Salesperson 855,Store 6,1040,6,832
Salesperson 40,Store 41,1040,3,877
Salesperson 419,Store 20,1039,5,804
Salesperson 917,Store 18,1038,4,745
Salesperson 926,Store 27,1038,4,887
Salesperson 71,Store 22,1031,3,838
Salesperson 509,Store 10,1028,3,808
Salesperson 768,Store 19,1027,3,923
Salesperson 344,Store 45,1026,4,901
Salesperson 62,Store 13,1025,4,784
Salesperson 34,Store 35,1025,3,813
Salesperson 640,Store 41,1024,6,716
Salesperson 635,Store 36,1024,5,779
Salesperson 358,Store 9,1024,5,740
Salesperson 423,Store 24,1022,4,800
Salesperson 829,Store 30,1018,5,640
Salesperson 461,Store 12,1014,3,868
Salesperson 900,Store 1,1013,5,701
Salesperson 839,Store 40,1013,4,756
Salesperson 250,Store 1,1012,3,829
Salesperson 79,Store 30,1010,5,769
Salesperson 394,Store 45,1010,6,633
Salesperson 587,Store 38,1008,4,810
Salesperson 964,Store 15,1008,4,881
Salesperson 764,Store 15,1008,3,916
Salesperson 186,Store 37,1004,3,843
Salesperson 747,Store 48,1003,5,765
Salesperson 804,Store 5,1000,4,734
Salesperson 968,Store 19,999,4,734
Salesperson 336,Store 37,998,5,821
Salesperson 160,Store 11,997,4,817
Salesperson 767,Store 18,996,3,863
Salesperson 989,Store 40,994,5,728
Salesperson 945,Store 46,991,4,778
Salesperson 545,Store 46,990,5,673
Salesperson 379,Store 30,987,3,793
Salesperson 175,Store 26,984,4,763
Salesperson 320,Store 21,984,5,649
Salesperson 220,Store 21,977,4,817
Salesperson 930,Store 31,977,3,754
Salesperson 85,Store 36,976,7,620
Salesperson 234,Store 35,972,5,697
Salesperson 638,Store 39,971,4,764
Salesperson 765,Store 16,971,3,864
Salesperson 654,Store 5,960,3,802
Salesperson 967,Store 18,955,5,601
Salesperson 395,Store 46,954,4,751
Salesperson 32,Store 33,952,5,660
Salesperson 523,Store 24,952,5,813
Salesperson 244,Store 45,951,4,804
Salesperson 485,Store 36,950,3,726
Salesperson 529,Store 30,949,4,755
Salesperson 259,Store 10,949,2,862
Salesperson 438,Store 39,945,5,701
Salesperson 44,Store 45,945,3,787
Salesperson 385,Store 36,943,4,713
Salesperson 865,Store 16,940,5,681
Salesperson 922,Store 23,939,4,626
Salesperson 473,Store 24,936,4,751
Salesperson 998,Store 49,936,5,595
Salesperson 657,Store 8,936,4,700
Salesperson 609,Store 10,935,5,590
Salesperson 748,Store 49,934,6,518
Salesperson 130,Store 31,932,4,618
Salesperson 916,Store 17,931,4,688
Salesperson 567,Store 18,929,4,796
Salesperson 139,Store 40,926,4,814
Salesperson 420,Store 21,923,4,731
Salesperson 183,Store 34,921,4,629
Salesperson 483,Store 34,920,4,742
Salesperson 119,Store 20,920,3,712
Salesperson 235,Store 36,920,3,828
Salesperson 508,Store 9,920,3,810
Salesperson 445,Store 46,917,2,864
Salesperson 366,Store 17,917,4,740
Salesperson 854,Store 5,914,4,681
Salesperson 60,Store 11,911,6,650
Salesperson 464,Store 15,905,3,693
Salesperson 602,Store 3,905,5,721
Salesperson 924,Store 25,902,3,757
Salesperson 953,Store 4,902,3,718
Salesperson 342,Store 43,901,4,769
Salesperson 741,Store 42,899,5,621
Salesperson 918,Store 19,898,4,725
Salesperson 578,Store 29,895,3,689
Salesperson 887,Store 38,895,5,629
Salesperson 716,Store 17,894,3,657
Salesperson 400,Store 1,893,4,659
Salesperson 393,Store 44,892,4,638
Salesperson 346,Store 47,891,2,791
Salesperson 909,Store 10,891,4,618
Salesperson 3,Store 4,889,4,650
Salesperson 31,Store 32,888,6,495
Salesperson 123,Store 24,888,3,650
Salesperson 133,Store 34,886,6,542
Salesperson 52,Store 3,879,3,665
Salesperson 825,Store 26,879,5,498
Salesperson 469,Store 20,878,3,764
Salesperson 568,Store 19,876,4,679
Salesperson 194,Store 45,875,2,845
Salesperson 649,Store 50,874,6,494
Salesperson 796,Store 47,872,3,729
Salesperson 332,Store 33,871,3,688
Salesperson 338,Store 39,866,3,737
Salesperson 740,Store 41,865,3,720
Salesperson 972,Store 23,865,3,696
Salesperson 984,Store 35,864,3,711
Salesperson 692,Store 43,862,4,710
Salesperson 372,Store 23,862,4,723
Salesperson 683,Store 34,861,3,587
Salesperson 178,Store 29,861,4,609
Salesperson 776,Store 27,860,5,611
Salesperson 496,Store 47,850,5,643
Salesperson 290,Store 41,850,3,583
Salesperson 569,Store 20,845,3,680
Salesperson 783,Store 34,841,4,606
Salesperson 938,Store 39,841,3,711
Salesperson 603,Store 4,841,2,718
Salesperson 256,Store 7,840,6,577
Salesperson 647,Store 48,837,3,698
Salesperson 86,Store 37,836,3,726
Salesperson 910,Store 11,836,5,536
Salesperson 475,Store 26,833,4,525
Salesperson 292,Store 43,833,4,639
Salesperson 203,Store 4,828,3,675
Salesperson 431,Store 32,825,4,589
Salesperson 564,Store 15,824,3,681
Salesperson 88,Store 39,823,2,673
Salesperson 288,Store 39,823,2,648
Salesperson 478,Store 29,818,4,566
Salesperson 302,Store 3,818,3,675
Salesperson 713,Store 14,817,5,631
Salesperson 788,Store 39,816,3,693
Salesperson 466,Store 17,815,4,559
Salesperson 316,Store 17,813,3,575
Salesperson 151,Store 2,810,4,557
Salesperson 822,Store 23,810,2,686
Salesperson 161,Store 12,809,3,670
Salesperson 476,Store 27,808,3,638
Salesperson 538,Store 39,804,3,636
Salesperson 844,Store 45,804,4,639
Salesperson 628,Store 29,803,3,635
Salesperson 644,Store 45,797,3,722
Salesperson 193,Store 44,797,4,611
Salesperson 791,Store 42,795,5,548
Salesperson 940,Store 41,795,3,656
Salesperson 872,Store 23,795,5,612
Salesperson 928,Store 29,794,3,677
Salesperson 231,Store 32,793,4,596
Salesperson 899,Store 50,793,5,512
Salesperson 240,Store 41,792,4,529
Salesperson 784,Store 35,792,7,256
Salesperson 252,Store 3,792,3,625
Salesperson 207,Store 8,789,4,526
Salesperson 505,Store 6,785,3,606
Salesperson 760,Store 11,784,3,635
Salesperson 169,Store 20,784,4,577
Salesperson 16,Store 17,783,4,446
Salesperson 514,Store 15,779,2,691
Salesperson 780,Store 31,779,4,593
Salesperson 959,Store 10,778,3,493
Salesperson 885,Store 36,776,4,618
Salesperson 536,Store 37,776,4,576
Salesperson 208,Store 9,775,3,705
Salesperson 149,Store 50,775,6,378
Salesperson 102,Store 3,772,3,579
Salesperson 624,Store 25,772,4,494
Salesperson 955,Store 6,770,5,521
Salesperson 45,Store 46,766,6,415
Salesperson 363,Store 14,763,3,670
Salesperson 213,Store 14,761,3,539
Salesperson 180,Store 31,761,4,512
Salesperson 794,Store 45,760,5,453
Salesperson 226,Store 27,757,3,525
Salesperson 732,Store 33,755,3,454
Salesperson 310,Store 11,755,3,618
Salesperson 319,Store 20,753,3,616
Salesperson 682,Store 33,752,5,482
Salesperson 903,Store 4,750,2,706
Salesperson 646,Store 47,749,2,715
Salesperson 456,Store 7,749,3,578
Salesperson 311,Store 12,747,4,501
Salesperson 581,Store 32,745,2,676
Salesperson 718,Store 19,742,5,376
Salesperson 879,Store 30,739,3,593
Salesperson 891,Store 42,739,2,621
Salesperson 828,Store 29,734,3,557
Salesperson 546,Store 47,729,5,433
Salesperson 146,Store 47,725,3,459
Salesperson 881,Store 32,724,3,532
Salesperson 513,Store 14,724,3,550
Salesperson 152,Store 3,722,4,485
Salesperson 497,Store 48,721,6,371
Salesperson 886,Store 37,720,5,459
Salesperson 58,Store 9,719,3,627
Salesperson 313,Store 14,718,3,420
Salesperson 381,Store 32,709,4,454
Salesperson 343,Store 44,709,2,569
Salesperson 795,Store 46,708,4,351
Salesperson 749,Store 50,707,3,526
Salesperson 126,Store 27,706,2,531
Salesperson 184,Store 35,703,2,614
Salesperson 721,Store 22,702,2,537
Salesperson 163,Store 14,702,4,444
Salesperson 6,Store 7,696,3,521
Salesperson 962,Store 13,692,4,505
Salesperson 614,Store 15,692,3,528
Salesperson 707,Store 8,691,4,579
Salesperson 248,Store 49,691,2,587
Salesperson 664,Store 15,689,3,530
Salesperson 570,Store 21,689,2,653
Salesperson 22,Store 23,688,4,410
Salesperson 57,Store 8,688,5,375
Salesperson 449,Store 50,680,5,358
Salesperson 574,Store 25,678,3,558
Salesperson 125,Store 26,677,3,525
Salesperson 103,Store 4,672,4,379
Salesperson 87,Store 38,671,3,575
Salesperson 527,Store 28,671,2,553
Salesperson 630,Store 31,670,3,487
Salesperson 549,Store 50,669,3,515
Salesperson 756,Store 7,668,3,476
Salesperson 295,Store 46,668,4,516
Salesperson 580,Store 31,668,3,458
Salesperson 77,Store 28,666,5,419
Salesperson 761,Store 12,665,2,612
Salesperson 845,Store 46,662,3,478
Salesperson 364,Store 15,660,4,496
Salesperson 770,Store 21,658,2,609
Salesperson 711,Store 12,656,3,473
Salesperson 660,Store 11,656,2,478
Salesperson 988,Store 39,656,3,463
Salesperson 38,Store 39,655,4,354
Salesperson 148,Store 49,655,3,548
Salesperson 266,Store 17,655,3,494
Salesperson 375,Store 26,654,3,459
Salesperson 674,Store 25,653,2,534
Salesperson 468,Store 19,652,4,467
Salesperson 168,Store 19,652,4,424
Salesperson 882,Store 33,651,5,377
Salesperson 952,Store 3,649,4,436
Salesperson 18,Store 19,649,3,471
Salesperson 414,Store 15,649,3,443
Salesperson 648,Store 49,647,4,435
Salesperson 817,Store 18,642,3,460
Salesperson 727,Store 28,641,4,363
Salesperson 388,Store 39,641,4,340
Salesperson 155,Store 6,638,2,469
Salesperson 548,Store 49,636,4,512
Salesperson 663,Store 14,634,2,563
Salesperson 115,Store 16,630,3,558
Salesperson 826,Store 27,626,5,242
Salesperson 129,Store 30,625,2,518
Salesperson 238,Store 39,625,2,462
Salesperson 374,Store 25,619,2,592
Salesperson 815,Store 16,617,3,385
Salesperson 805,Store 6,616,4,392
Salesperson 936,Store 37,615,2,486
Salesperson 494,Store 45,614,3,458
Salesperson 158,Store 9,613,5,316
Salesperson 327,Store 28,613,4,499
Salesperson 280,Store 31,612,3,394
Salesperson 954,Store 5,604,4,273
Salesperson 610,Store 11,601,4,453
Salesperson 539,Store 40,600,2,413
Salesperson 443,Store 44,599,5,250
Salesperson 902,Store 3,594,2,429
Salesperson 870,Store 21,591,3,419
Salesperson 550,Store 1,586,4,366
Salesperson 522,Store 23,586,3,361
Salesperson 506,Store 7,582,2,446
Salesperson 275,Store 26,581,4,360
Salesperson 407,Store 8,577,3,362
Salesperson 937,Store 38,576,2,430
Salesperson 242,Store 43,570,3,417
Salesperson 754,Store 5,568,4,309
Salesperson 42,Store 43,561,2,483
Salesperson 821,Store 22,561,5,270
Salesperson 121,Store 22,560,6,121
Salesperson 131,Store 32,559,2,393
Salesperson 983,Store 34,549,3,445
Salesperson 699,Store 50,548,5,256
Salesperson 249,Store 50,539,4,389
Salesperson 592,Store 43,535,3,420
Salesperson 306,Store 7,530,2,437
Salesperson 673,Store 24,530,4,203
Salesperson 326,Store 27,529,2,441
Salesperson 995,Store 46,529,2,360
Salesperson 195,Store 46,525,3,362
Salesperson 946,Store 47,519,2,435
Salesperson 309,Store 10,519,2,401
Salesperson 626,Store 27,518,2,358
Salesperson 920,Store 21,517,5,248
Salesperson 994,Store 45,517,4,297
Salesperson 524,Store 25,509,3,312
Salesperson 499,Store 50,506,2,352
Salesperson 827,Store 28,503,1,480
Salesperson 704,Store 5,500,2,342
Salesperson 432,Store 33,499,2,431
Salesperson 317,Store 18,498,2,393
Salesperson 895,Store 46,497,3,364
Salesperson 667,Store 18,496,1,418
Salesperson 216,Store 17,496,3,297
Salesperson 47,Store 48,491,2,444
Salesperson 901,Store 2,489,2,454
Salesperson 598,Store 49,487,1,475
Salesperson 759,Store 10,483,2,352
Salesperson 532,Store 33,479,3,408
Salesperson 590,Store 41,477,1,427
Salesperson 325,Store 26,472,2,377
Salesperson 402,Store 3,461,1,419
Salesperson 490,Store 41,461,2,318
Salesperson 786,Store 37,459,1,403
Salesperson 215,Store 16,455,4,203
Salesperson 516,Store 17,454,2,364
Salesperson 860,Store 11,448,1,353
Salesperson 981,Store 32,443,3,315
Salesperson 906,Store 7,442,2,389
Salesperson 621,Store 22,431,2,352
Salesperson 112,Store 13,430,2,357
Salesperson 684,Store 35,429,2,336
Salesperson 422,Store 23,424,2,392
Salesperson 298,Store 49,415,3,248
Salesperson 154,Store 5,412,2,342
Salesperson 453,Store 4,409,4,249
Salesperson 448,Store 49,395,2,294
Salesperson 380,Store 31,395,3,157
Salesperson 83,Store 34,390,1,351
Salesperson 227,Store 28,390,1,368
Salesperson 681,Store 32,384,3,121
Salesperson 594,Store 45,381,1,316
Salesperson 96,Store 47,378,2,200
Salesperson 391,Store 42,377,2,262
Salesperson 755,Store 6,375,1,324
Salesperson 935,Store 36,373,3,210
Salesperson 762,Store 13,371,2,337
Salesperson 636,Store 37,369,2,266
Salesperson 118,Store 19,367,2,277
Salesperson 49,Store 50,364,2,244
Salesperson 745,Store 46,363,1,286
Salesperson 675,Store 26,363,3,152
Salesperson 655,Store 6,358,3,197
Salesperson 217,Store 18,351,2,239
Salesperson 15,Store 16,350,1,308
Salesperson 410,Store 11,349,1,342
Salesperson 99,Store 50,342,3,255
Salesperson 617,Store 18,337,3,134
Salesperson 94,Store 45,336,2,211
Salesperson 736,Store 37,335,1,313
Salesperson 996,Store 47,332,2,228
Salesperson 433,Store 34,332,2,199
Salesperson 714,Store 15,328,1,266
Salesperson 100,Store 1,321,2,164
Salesperson 339,Store 40,320,3,148
Salesperson 315,Store 16,310,4,212
Salesperson 743,Store 44,309,2,189
Salesperson 282,Store 33,307,3,271
Salesperson 665,Store 16,289,1,270
Salesperson 405,Store 6,285,2,200
Salesperson 75,Store 26,281,2,105
Salesperson 167,Store 18,268,2,182
Salesperson 8,Store 9,264,3,64
Salesperson 573,Store 24,261,1,255
Salesperson 629,Store 30,259,2,140
Salesperson 897,Store 48,258,3,80
Salesperson 857,Store 8,250,2,147
Salesperson 830,Store 31,250,2,138
Salesperson 942,Store 43,249,1,179
Salesperson 551,Store 2,246,1,208
Salesperson 267,Store 18,234,1,146
Salesperson 484,Store 35,225,3,9
Salesperson 277,Store 28,221,1,121
Salesperson 444,Store 45,217,2,124
Salesperson 396,Store 47,203,1,124
Salesperson 179,Store 30,186,1,106
Salesperson 552,Store 3,181,4,-17
Salesperson 739,Store 40,156,2,19
Salesperson 615,Store 16,145,1,109
Salesperson 823,Store 24,142,1,45
Salesperson 360,Store 11,130,2,-58
Salesperson 908,Store 9,126,1,87
Salesperson 977,Store 28,87,1,77
Salesperson 842,Store 43,69,1,27
Salesperson 465,Store 16,66,2,-90
Salesperson 734,Store 35,64,1,-15
Salesperson 104,Store 5,59,1,-19
Salesperson 224,Store 25,57,1,30
Salesperson 170,Store 21,43,1,0
Salesperson 50,Store 1,40,1,7
Salesperson 455,Store 6,30,1,-26
Salesperson 28,Store 29,25,1,-76
Salesperson 406,Store 7,19,1,-63
Salesperson 543,Store 44,17,1,-58
